last_name, first_name,player_id,year,p_game,p_total_hits,p_home_run,p_strikeout,p_walk,p_k_percent,p_bb_percent,batting_avg,slg_percent,on_base_percent,on_base_plus_slg,p_earned_run,p_win,p_loss,p_era,p_rbi,p_called_strike,p_unearned_run,exit_velocity_avg,launch_angle_avg,sweet_spot_percent,barrel_batted_rate,hard_hit_percent,meatball_percent,pitch_hand,n_fastball_formatted,fastball_avg_speed,n_offspeed_formatted,offspeed_avg_speed,
Wainwright, Adam,425794,2021,32,168,21,174,50,21.0,6.0,.220,.352,.274,.626,70,17,7,3.05,66,664,2,88.2,10,34.3,6.2,35.6,7.8,R,59.7,87.5,6.4,82.7,
Greinke, Zack,425844,2021,30,164,30,120,36,17.2,5.2,.252,.434,.290,.724,79,11,6,4.16,78,452,3,88.3,10.6,35.3,6.5,35.4,6.7,R,45.9,89,22.4,86.4,
Santana, Ervin,429722,2021,38,65,9,52,22,18.8,7.9,.259,.446,.321,.768,34,2,2,4.68,33,162,1,90.2,13.8,38.8,10.9,43.8,7.2,R,45.1,93.4,3.3,87.2,
Petit, Yusmeiro,433589,2021,78,69,12,37,12,11.8,3.8,.233,.395,.262,.657,34,8,3,3.92,45,155,1,86.5,19.7,33.1,8.4,30,6.2,R,68.7,86.5,17.7,80.8,
Kintzler, Brandon,445213,2021,29,45,7,22,8,15.6,5.7,.344,.580,.383,.963,21,2,1,6.37,23,94,2,91.7,3.1,33.6,7.3,48.2,6.3,R,75.1,92,11,86.8,
Jansen, Kenley,445276,2021,69,36,4,86,36,30.9,12.9,.153,.233,.266,.499,17,4,4,2.22,22,176,4,84,19.8,30.1,4.6,26.1,8.4,R,84.5,92.9,,,
Chavez, Jesse,445926,2021,30,23,0,36,11,27.1,8.3,.192,.267,.256,.522,8,3,2,2.14,12,111,1,90.9,10.4,29.1,5.8,41.9,8.3,R,79.7,90.1,9.8,84.6,
Detwiler, Ross,446321,2021,53,44,10,62,20,27.1,8.7,.222,.449,.314,.764,27,3,1,4.64,32,167,1,88.3,15.3,30.2,12.2,37.4,7.1,L,88.1,88.9,4.4,85.4,
Kluber, Corey,446372,2021,16,74,8,82,33,24.0,9.7,.247,.375,.328,.703,34,5,3,3.83,33,224,3,86.9,13.9,34.8,6.8,34.4,7.2,R,56.9,89.2,13.8,84.7,
Hill, Rich,448179,2021,32,137,21,150,55,22.7,8.3,.235,.402,.315,.717,68,7,8,3.86,65,512,2,88.3,18,37,8.9,34.8,8.7,L,52.5,87.7,3,80.9,
Doolittle, Sean,448281,2021,56,50,7,53,23,23.8,10.3,.258,.454,.336,.790,25,3,1,4.53,34,117,2,90.9,26.4,41.4,6.9,42.1,9,L,81.1,93.1,4.5,80.4,
Guerra, Junior,448855,2021,41,67,6,61,46,19.9,15.0,.262,.379,.378,.757,44,5,2,6.06,47,190,1,86.7,11,31.5,4.6,35.5,5.6,R,56,92.8,15.8,84.1,
Morton, Charlie,450203,2021,33,136,16,216,58,28.6,7.7,.203,.309,.279,.589,69,14,6,3.34,70,556,8,88.1,7.7,29.9,4.9,32.5,7.8,R,58,94.1,5.3,86.4,
Davis, Wade,451584,2021,40,44,8,38,19,20.0,10.0,.270,.454,.342,.796,32,0,3,6.75,28,98,1,90.4,17.1,42.7,9.2,46.6,7.5,R,78.8,90.9,1.6,84.4,
Lester, Jon,452657,2021,28,159,25,91,55,14.5,8.8,.285,.478,.346,.825,74,7,6,4.71,76,349,10,88.3,10.4,33.5,7.7,37.2,5.9,L,73.4,87.6,18.2,81.3,
Kennedy, Ian,453178,2021,55,45,12,62,17,27.2,7.5,.216,.418,.281,.699,20,3,1,3.20,23,131,1,90.8,26.7,35.4,8.8,44.9,8.5,R,86,93.7,8.6,87.1,
Miller, Andrew,453192,2021,40,41,5,40,16,24.4,9.8,.293,.486,.378,.864,19,0,0,4.75,19,131,0,86.3,10.1,31.1,8.7,36.9,8.1,L,35.3,88.4,,,
Watson, Tony,453265,2021,62,40,4,44,18,19.6,8.0,.193,.285,.258,.543,25,7,4,3.92,17,135,1,86,10.5,31.9,6.1,30.1,6.2,L,42.6,92.4,33.3,85.9,
Bard, Daniel,453268,2021,67,69,8,80,36,26.3,11.8,.265,.431,.368,.799,38,7,8,5.21,33,205,3,88.6,12.7,38.7,5.5,39.8,9.1,R,48.5,97.4,5.4,89.8,
LeBlanc, Wade,453281,2021,18,56,8,29,17,13.1,7.7,.283,.480,.348,.828,24,0,2,4.41,24,133,0,87.8,16.7,39.2,8.8,36.8,7.4,L,66.9,86.5,22.3,79.5,
Parker, Blake,453284,2021,47,43,5,37,14,20.0,7.6,.257,.395,.319,.714,15,2,1,3.09,19,122,0,86.7,16.6,32.6,6.8,31.8,8.8,R,57.4,90.3,34.8,79.3,
Scherzer, Max,453286,2021,30,119,23,236,36,34.1,5.2,.185,.331,.238,.569,49,15,4,2.46,49,443,4,87.9,19.3,33.6,8,34.3,8.2,R,56,93.6,14.9,85,
Melancon, Mark,453343,2021,64,54,4,59,25,22.3,9.4,.228,.316,.302,.618,16,4,3,2.23,19,196,5,86.7,-0.8,33.9,6.1,36.5,7.4,R,65.5,91.9,,,
Arrieta, Jake,453562,2021,24,131,24,83,44,17.7,9.4,.320,.563,.386,.949,81,5,14,7.39,77,321,10,90.9,9.1,37.2,9.2,44.3,7.6,R,52.7,91.4,8.1,87,
Martin, Chris,455119,2021,46,49,4,33,6,18.2,3.3,.290,.402,.320,.723,19,2,4,3.95,22,101,1,91.2,8,31.7,5.8,43.2,9.7,R,71.6,93.8,12.5,87.4,
Price, David,456034,2021,39,79,8,58,26,17.8,8.0,.272,.428,.334,.762,33,5,2,4.03,35,212,2,86.8,8.3,32.1,5.1,35,10.3,L,73,91.8,25,85.5,
Cueto, Johnny,456501,2021,22,127,15,98,30,20.0,6.1,.285,.465,.329,.794,52,7,7,4.08,54,275,5,88.4,14.1,36,6.4,38,7.7,R,53,91.6,23.7,82.7,
Happ, J.A.,457918,2021,30,177,30,122,48,18.2,7.2,.288,.511,.340,.850,98,10,8,5.79,90,395,2,90.2,16.4,38.4,11.6,41.8,5.4,L,71.5,90.5,12.1,86.1,
Wilson, Justin,458677,2021,42,32,6,29,16,19.5,10.7,.244,.435,.329,.764,20,1,1,5.29,21,102,2,86.9,16,22.5,7.8,36.3,7.3,L,93.9,92,,,
Lynn, Lance,458681,2021,28,123,18,176,45,27.5,7.0,.209,.338,.265,.604,47,11,6,2.69,46,357,5,87.7,16,31.7,5.8,36,7.2,R,92.3,91.9,4.6,87.2,
Tomlin, Josh,458708,2021,35,69,10,37,5,17.0,2.3,.327,.550,.344,.894,36,4,0,6.57,37,111,0,89.1,18.1,38.3,8.6,39.4,6.7,R,69.7,86.9,1.5,84.7,
McGee, Jake,459429,2021,62,44,7,58,10,24.3,4.2,.196,.330,.234,.565,18,3,2,2.72,25,133,7,90.9,20.5,31.4,6.5,46.2,9.5,L,90.1,94.9,,,
Clippard, Tyler,461325,2021,26,22,3,21,11,18.9,9.9,.232,.400,.324,.724,9,1,1,3.20,13,56,3,88.1,23.5,36.8,11.8,38.2,6.3,R,43.4,88.8,49.3,79.1,
Soria, Joakim,465657,2021,41,39,6,40,12,25.2,7.5,.269,.483,.327,.810,21,1,4,5.06,21,92,0,88.3,18.2,34.9,7.5,38.7,7.9,R,60,92.8,14.4,87.6,
Chacin, Jhoulys,468504,2021,46,53,8,47,28,17.5,10.4,.222,.406,.301,.707,31,3,2,4.34,34,167,1,86.4,9.9,32,5.7,36.1,7.5,R,41.6,92.8,3.5,84.6,
Carrasco, Carlos,471911,2021,12,59,12,50,18,21.1,7.6,.272,.502,.325,.827,36,1,5,6.04,36,124,3,89,10.4,34.9,8.3,38.5,7.4,R,50.4,93.2,24.6,87.3,
Garcia, Luis,472610,2021,34,25,2,34,8,25.2,5.9,.202,.298,.252,.550,12,1,1,3.24,10,86,0,89.8,8.7,30.4,6.5,45.7,9.6,R,59.5,98.3,11.8,88.7,
Anderson, Brett,474463,2021,24,102,11,58,28,14.2,6.8,.276,.439,.323,.762,45,4,9,4.22,42,261,7,90.9,3,30.8,9.3,47,5.2,L,54.1,88.5,26.3,82.2,
Luetge, Lucas,476595,2021,57,67,6,78,15,25.9,5.0,.238,.359,.282,.642,22,4,2,2.74,35,148,8,86.6,15.2,36.3,4.4,31.4,6.2,L,62,88.3,,,
Kershaw, Clayton,477132,2021,22,103,15,144,21,29.5,4.3,.224,.374,.260,.634,48,10,8,3.55,49,291,3,88.1,9.8,31.7,6.9,37.3,8.7,L,36.8,90.6,0.6,87,
Miley, Wade,489119,2021,28,166,17,125,50,18.1,7.2,.265,.408,.317,.726,61,12,7,3.37,58,397,3,85.7,8,31.8,6.1,34.2,4.1,L,64.1,86.6,27.3,81.9,
Romo, Sergio,489265,2021,66,56,9,60,21,23.2,8.1,.238,.404,.305,.709,32,1,1,4.67,39,198,1,84.9,17.4,35.2,7.4,23.3,5.9,R,33.4,85.5,10.9,80.3,
Stammen, Craig,489334,2021,67,79,13,83,13,23.4,3.7,.235,.384,.268,.652,30,6,3,3.06,40,239,1,88.4,8.3,27,5.9,36.1,5.2,R,69.6,91.2,0.5,86.3,
Valdez, Cesar,491624,2021,39,62,8,45,14,21.4,6.7,.320,.526,.367,.892,30,2,2,5.87,38,123,2,89.9,8.2,42,6.7,42.7,6.5,R,19.9,85.1,74.9,77.9,
Ottavino, Adam,493603,2021,69,55,5,71,35,25.7,12.7,.239,.374,.351,.725,29,7,3,4.21,32,241,2,86.1,11.8,31.9,4.9,30.1,6.8,R,49.8,94.7,1.7,88.4,
Guerra, Deolis,500610,2021,53,53,8,62,20,23.0,7.4,.218,.358,.286,.644,30,4,1,4.11,28,160,4,85.6,22,30.1,7.1,33.9,6,R,45.5,90.7,30.9,81.7,
Quintana, Jose,500779,2021,29,74,12,85,35,28.6,11.8,.286,.483,.370,.853,45,0,3,6.43,41,192,5,90.6,12.7,38.1,11.9,45.5,7.1,L,58.6,91.6,14.6,86.7,
Pineda, Michael,501381,2021,22,114,17,88,21,19.2,4.6,.265,.453,.299,.753,44,9,8,3.62,44,297,5,91.2,15.3,33.4,8.9,46.7,7.3,R,54.2,90.6,16.9,85.5,
Alvarez, Jose,501625,2021,67,53,2,42,19,15.8,7.1,.217,.279,.271,.549,17,5,2,2.37,23,180,6,86.4,8.3,29.9,2.5,32.8,10.4,L,61.8,90.9,28,81.2,
Smith, Joe,501925,2021,50,47,5,34,8,19.7,4.6,.297,.462,.335,.797,22,4,4,4.99,33,119,1,87.9,9.5,29.7,5.5,35.2,8.8,R,62.6,86.3,2.2,77.4,
Minor, Mike,501985,2021,28,156,26,149,41,22.3,6.1,.252,.447,.302,.749,89,8,12,5.05,82,422,3,88.5,16.5,35,9.3,35.9,6,L,42.8,90.9,19.6,85.2,
Gibson, Kyle,502043,2021,31,158,17,155,64,20.6,8.5,.234,.363,.305,.668,75,10,9,3.71,63,480,3,88.8,7.4,29.2,4.6,38.9,5.1,R,61.4,91.7,13.4,84.7,
Cobb, Alex,502171,2021,18,85,5,98,33,24.9,8.4,.240,.336,.308,.644,39,8,3,3.76,40,296,7,88.9,3,32.4,4.2,37.5,5.8,R,46.7,92.7,37,87.5,
Espino, Paolo,502179,2021,35,108,19,92,25,20.2,5.5,.256,.460,.295,.754,52,5,5,4.27,52,335,1,89.6,17.4,39.8,11.6,43.3,7.6,R,55.2,89,4.1,83.7,
Boxberger, Brad,502202,2021,71,44,8,83,25,31.2,9.4,.192,.332,.282,.614,24,5,4,3.34,28,196,2,88.3,19.2,27.8,6.6,35.1,9.4,R,55.9,93.5,20.2,82.5,
Cahill, Trevor,502239,2021,9,42,4,32,14,19.3,8.4,.286,.422,.343,.765,27,1,5,6.57,26,116,2,88.3,6.9,30.3,6.7,40.3,7.1,R,54.4,88.2,23.9,82.3,
Santiago, Hector,502327,2021,13,27,2,30,11,25.6,9.4,.257,.390,.325,.715,10,1,1,3.42,9,73,0,88.1,12.2,32.9,2.6,38.2,7.5,L,67,90.8,25.5,81.4,
Anderson, Chase,502624,2021,14,51,10,35,20,16.3,9.3,.268,.521,.344,.865,36,2,4,6.75,28,135,0,85,13.5,34.4,8.9,35.7,5.6,R,57.2,90.1,29.5,81.9,
Holland, Derek,502706,2021,39,58,6,51,20,22.7,8.9,.287,.455,.351,.807,28,3,2,5.07,27,150,1,89.1,11.2,32,6.5,42.5,8.3,L,56.6,93,9.6,85,
Peralta, Wily,503449,2021,19,87,12,58,38,14.4,9.5,.247,.415,.321,.736,32,4,5,3.07,40,232,9,89.1,8.7,30.9,7.3,38.2,8.5,R,55.1,93.9,22.7,81.3,
Dolis, Rafael,503569,2021,39,29,2,39,27,25.0,17.3,.232,.352,.378,.730,20,2,3,5.63,22,109,1,87.4,13.9,37.9,5.7,32.2,6.4,R,65.1,94.8,11.9,86.8,
Darvish, Yu,506433,2021,30,138,28,199,44,29.2,6.5,.222,.429,.279,.708,78,8,11,4.22,74,504,3,88.2,16.6,35.1,8.8,34.9,8.9,R,64.3,90.2,4.8,88.9,
Colome, Alex,517008,2021,67,68,8,58,23,20.0,7.9,.264,.411,.328,.738,30,4,4,4.15,40,164,11,90.6,4.4,30.2,8.8,41.5,6.7,R,100,90.7,,,
Bumgarner, Madison,518516,2021,26,134,24,124,39,20.2,6.4,.242,.439,.300,.740,76,7,10,4.67,77,424,6,88.8,18.5,38,7.5,38.5,8.6,L,70.7,88.2,7.8,83.8,
Cishek, Steve,518553,2021,74,61,2,64,41,20.8,13.3,.238,.316,.351,.667,26,0,2,3.42,45,239,6,84.9,9.7,28.4,6.1,32.7,5.9,R,60.8,90.1,0.2,82.3,
Diekman, Jake,518617,2021,67,47,10,83,34,31.7,13.0,.211,.390,.324,.715,26,3,3,3.86,33,195,3,90,16.6,37.6,10.6,39.7,7.2,L,66.9,95.3,0.7,87.2,
Duffy, Danny,518633,2021,13,52,6,65,22,25.8,8.7,.226,.357,.294,.650,17,4,3,2.51,17,150,2,89.5,17.7,39.4,6.7,40.6,5.9,L,55.6,93.7,15.4,85.2,
Harvey, Matt,518774,2021,28,160,19,95,37,16.3,6.4,.299,.481,.347,.828,89,6,14,6.27,83,360,7,89.5,13.3,36.4,7.9,40.9,7.3,R,54.8,93.2,11.9,85.3,
Holland, Greg,518813,2021,57,49,9,53,26,21.8,10.7,.229,.407,.313,.719,30,3,5,4.85,33,150,2,88.8,12.1,38,14.1,40.7,8.3,R,40.1,92.8,,,
Kelly, Merrill,518876,2021,27,163,21,130,41,19.5,6.1,.266,.433,.312,.745,78,7,11,4.44,74,419,4,89,12.9,33.1,6.3,39.6,7.8,R,64.5,91.5,17.4,87.2,
Kimbrel, Craig,518886,2021,63,31,6,100,23,42.6,9.8,.150,.272,.243,.514,15,4,5,2.26,18,175,4,90.2,19.2,39.4,4.6,39,6.3,R,58.8,96.6,,,
McFarland, T.J.,519008,2021,38,32,3,21,9,14.6,6.3,.237,.370,.285,.655,11,4,1,2.56,16,69,0,90.8,-0.1,21.9,7,45.6,5.9,L,68.6,88.8,23,82.1,
Moore, Matt,519043,2021,24,78,15,63,38,18.9,11.4,.274,.509,.353,.862,51,2,4,6.29,47,196,3,89.5,16,35.1,8.7,38.1,7.6,L,65.5,92,19.2,82.5,
Nelson, Jimmy,519076,2021,28,14,0,44,13,37.9,11.2,.143,.184,.267,.451,6,1,2,1.86,6,96,2,84.5,20.7,30.9,3.6,30.9,7.5,R,33.1,93.8,,,
Pomeranz, Drew,519141,2021,27,19,2,30,10,29.4,9.8,.211,.333,.284,.618,5,1,0,1.75,5,88,1,89.6,7.4,41.9,4.8,38.7,10,L,75.3,93.9,,,
Pressly, Ryan,519151,2021,64,49,4,81,13,32.4,5.2,.208,.297,.248,.545,16,5,3,2.25,20,182,3,90.2,6.6,30.8,6.4,40.4,8.8,R,39.7,95.4,,,
Sale, Chris,519242,2021,9,45,6,52,12,28.4,6.6,.269,.419,.333,.752,15,5,1,3.16,14,130,4,84.6,5.7,32.2,3.5,32.2,6.5,L,48.6,93.6,19.8,86.5,
Smith, Will,519293,2021,71,49,11,87,28,30.7,9.9,.198,.403,.290,.693,26,3,7,3.44,27,184,1,88.7,20.7,36.8,9.2,41.1,5.7,L,47.3,92.8,,,
Strickland, Hunter,519326,2021,57,46,8,58,22,24.0,9.1,.213,.380,.289,.669,17,3,2,2.61,18,154,4,86.9,20.3,33.8,8.8,29.4,8.1,R,57.1,94.8,2.1,89.1,
Workman, Brandon,519443,2021,29,36,4,25,21,18.4,15.4,.313,.487,.419,.906,17,1,2,5.46,22,105,3,93.1,7.8,40,11.1,53.3,7.2,R,49.1,89.9,,,
Hendriks, Liam,521230,2021,69,45,11,113,7,42.3,2.6,.174,.318,.199,.516,20,8,3,2.54,26,116,3,89.8,19.4,26.9,9.7,40.1,8.3,R,68.9,97.7,0.1,91.6,
Kelly, Joe,523260,2021,48,28,3,50,15,27.5,8.2,.174,.286,.258,.544,14,2,0,2.86,14,158,2,85.5,-0.1,27.4,5.3,34.5,7.6,R,41,97.6,16.1,86.9,
Perez, Martin,527048,2021,36,136,19,97,36,19.1,7.1,.296,.481,.356,.837,60,7,8,4.74,63,337,11,88.6,10.2,40.3,9.3,42.2,5.6,L,67.3,91.5,24.3,84.8,
Castellanos, Humberto,528748,2021,14,48,7,29,15,14.8,7.7,.277,.462,.332,.794,25,2,2,4.93,24,146,1,87.9,13.2,29.5,7.4,34.2,7.7,R,56.5,90.4,10.9,84.1,
Shoemaker, Matt,533167,2021,16,73,15,40,27,14.1,9.5,.297,.537,.363,.899,54,3,8,8.06,52,157,2,89.1,12.2,31.5,9.9,40.4,7,R,41,91.6,33.3,85.2,
Ramirez, Erasmo,541640,2021,17,24,4,20,5,18.3,4.6,.238,.406,.275,.681,17,1,1,5.74,11,65,0,89.5,19.1,36.1,6,39.8,9.7,R,90.6,90.7,8.2,85.2,
Cisnero, Jose,542585,2021,67,51,6,62,31,23.4,11.7,.226,.345,.325,.670,25,4,4,3.65,31,184,9,87.1,14,33.9,6.5,32.1,8.1,R,66,96.6,6,90.8,
Anderson, Tyler,542881,2021,31,170,27,134,38,19.1,5.4,.262,.452,.297,.749,84,7,11,4.53,80,395,3,87,18.2,35.7,8.5,33,7.1,L,73.8,88.4,24.6,80.9,
Andriese, Matt,542882,2021,34,65,7,50,13,22.5,5.9,.323,.488,.369,.857,28,2,3,5.21,38,137,7,91.3,12.2,34.8,6.5,45.2,6.9,R,53.5,91.2,33.9,86,
Armstrong, Shawn,542888,2021,31,39,10,44,15,26.7,9.1,.265,.531,.339,.870,27,1,0,6.75,34,90,1,90.6,19.4,38.5,14.4,44.2,9.1,R,88.2,92.1,,,
Bass, Anthony,542914,2021,70,55,11,58,24,22.3,9.2,.241,.425,.315,.741,26,3,9,3.82,27,187,7,88.8,10.7,33.1,8.6,39.8,8.7,R,49,95.4,0.7,88,
Bleier, Richard,542947,2021,68,51,4,44,6,19.6,2.7,.241,.335,.267,.602,19,3,2,2.95,21,115,1,88.1,-5.3,25.6,4.1,39.6,10,L,86,89.2,1.3,83.1,
Brach, Brad,542960,2021,35,30,5,33,18,23.7,12.9,.254,.449,.353,.802,21,1,2,6.30,23,99,5,88.9,14.3,29.9,9.2,35.6,7.1,R,51.1,93.6,35.9,86.1,
Chatwood, Tyler,543022,2021,32,26,2,38,21,26.2,14.5,.217,.317,.352,.668,20,1,3,5.63,19,96,2,90.2,6.1,32.9,8.5,43.9,5.9,R,90.2,92.9,3.6,87.3,
Cole, Gerrit,543037,2021,30,151,24,243,41,33.5,5.6,.223,.372,.267,.639,65,16,8,3.23,64,523,4,88.7,12.5,33,9.8,38.6,8.4,R,48,97.7,14.2,89.8,
Coulombe, Danny,543056,2021,29,35,5,33,7,23.7,5.0,.267,.443,.302,.745,14,3,2,3.67,16,72,3,90,10.4,34.3,7.1,39.4,9.3,L,33.3,90.4,,,
DeSclafani, Anthony,543101,2021,31,141,19,152,42,22.5,6.2,.225,.358,.274,.631,59,13,7,3.17,56,423,2,88.9,11.6,32.7,8.1,38.8,8.5,R,45.7,94,10.5,88.2,
Eovaldi, Nathan,543135,2021,32,182,15,195,35,25.5,4.6,.253,.402,.293,.695,76,11,9,3.75,71,508,5,88,12.8,37,6.3,36.4,8.2,R,54.8,95.9,12.7,87.9,
Gray, Sonny,543243,2021,26,115,19,155,50,27.0,8.7,.225,.385,.301,.686,63,7,9,4.19,64,435,4,86.6,8.8,31.6,4.7,32.1,6.7,R,58.5,91.6,3.1,88,
Hand, Brad,543272,2021,68,56,9,61,26,21.9,9.4,.235,.408,.317,.724,28,6,7,3.90,39,218,11,88.2,14.4,36.2,8.6,37.3,7.6,L,57.4,93,,,
Hendricks, Kyle,543294,2021,32,200,31,131,44,16.7,5.6,.278,.481,.327,.809,96,14,7,4.77,88,523,5,86.3,11.1,37.4,8.4,33,6.7,R,60.5,87.3,27.8,80,
Hudson, Daniel,543339,2021,54,40,8,75,16,35.7,7.6,.211,.405,.267,.672,19,5,3,3.31,25,108,3,90.5,19.9,38.7,13.4,43.7,9.4,R,68.7,97,2.8,87.8,
Lyles, Jordan,543475,2021,32,194,38,146,56,19.0,7.3,.278,.499,.334,.833,103,10,13,5.15,99,468,1,89.9,15.3,35.5,9.1,41.6,7.2,R,51.2,92.4,7.3,86.4,
May, Trevor,543507,2021,68,55,10,83,24,31.2,9.0,.227,.401,.297,.698,25,7,3,3.59,24,159,4,88.6,17.4,30.8,7.5,34,7.5,R,60.3,96.5,15.2,87,
McHugh, Collin,543521,2021,37,48,3,74,12,30.0,4.9,.207,.289,.251,.540,11,6,1,1.55,14,193,4,86.7,15.6,30.8,2.5,29.6,7.3,R,43.9,88.3,0.1,85.8,
Nolin, Sean,543594,2021,10,32,4,20,13,16.3,10.6,.302,.500,.382,.882,13,0,2,4.39,13,76,0,89,14.9,43.2,4.5,40.9,6.6,L,69.6,87.8,16.7,80.5,
Odorizzi, Jake,543606,2021,24,97,16,91,34,20.6,7.7,.243,.429,.304,.732,49,6,7,4.21,48,263,2,89.7,17.2,31.3,9.3,39.3,6.8,R,65.5,91.3,22,84.7,
Shaw, Bryan,543766,2021,81,69,10,71,38,21.3,11.4,.235,.388,.323,.711,30,6,7,3.49,38,189,3,88.8,8.4,36.2,7.1,38.4,8,R,79.3,92.9,4.2,83.1,
Familia, Jeurys,544727,2021,65,57,10,72,27,27.5,10.3,.248,.435,.328,.763,26,9,4,3.94,35,169,5,88.1,4.9,30.6,6.3,39.4,7.8,R,73.5,96.6,3,92,
Bauer, Trevor,545333,2021,17,71,19,137,37,31.7,8.6,.182,.374,.257,.631,31,8,5,2.59,33,317,5,89.9,19.1,33.7,10.2,41.3,8.3,R,67.6,91.2,2.8,88.1,
Head, Louis,545343,2021,27,21,2,32,9,23.9,6.7,.175,.250,.246,.496,9,2,0,2.31,8,72,1,87.4,24.6,22.2,10,27.8,6.2,R,52.4,93.7,0.5,89.8,
Poteet, Cody,547001,2021,7,25,7,32,16,24.2,12.1,.216,.457,.311,.768,17,2,3,4.99,17,90,0,91.5,18.8,33.3,14.3,42.9,8.6,R,48.8,93.6,18.2,86.8,
Lorenzen, Michael,547179,2021,27,26,2,21,14,16.8,11.2,.241,.343,.328,.671,18,1,2,5.59,14,73,0,88.8,10.5,30.3,3.4,44.2,7.9,R,65.7,94.5,17.9,87.2,
Kim, Kwang Hyun,547942,2021,27,98,12,80,39,17.7,8.6,.242,.373,.312,.685,41,7,7,3.46,41,314,5,88,9.2,32.5,7,35.9,7.3,L,41.8,89.1,11.8,80.4,
Ryu, Hyun Jin,547943,2021,31,170,24,143,37,20.4,5.3,.258,.435,.298,.733,82,14,10,4.37,78,507,3,89.6,9.8,33.7,8.5,41.6,5.7,L,61.5,88.4,25.4,79.9,
Chapman, Aroldis,547973,2021,61,36,9,97,38,39.9,15.6,.182,.359,.317,.675,21,6,4,3.36,21,166,2,88,12.1,38.1,16.2,40,7.3,L,62.3,98.5,11.1,88.4,
Raley, Brooks,548384,2021,58,43,6,65,16,31.7,7.8,.232,.362,.302,.665,26,2,3,4.78,35,138,4,83,10.3,39.7,8.3,21.5,6.5,L,55.1,89,3.9,85.8,
Stripling, Ross,548389,2021,24,99,23,94,30,21.8,7.0,.251,.489,.304,.793,54,5,7,4.80,51,276,1,90,17.2,33.4,10.2,40.3,8.2,R,50.9,91.9,15.3,83.1,
Kittredge, Andrew,552640,2021,57,55,7,77,15,27.3,5.3,.210,.332,.259,.591,15,9,3,1.88,32,153,6,88.9,5,29.9,7.5,37.4,6.1,R,54.6,95.2,0.4,89.7,
Garcia, Yimi,554340,2021,62,49,8,60,18,25.3,7.6,.230,.408,.287,.695,27,4,9,4.21,29,157,6,89.4,15.2,35.4,8.2,37.2,8.4,R,45.1,95.9,6.6,88.6,
Wheeler, Zack,554430,2021,32,169,16,247,46,29.1,5.4,.215,.321,.263,.584,66,14,10,2.78,63,501,6,84.6,8.4,31.2,4.6,28.5,8,R,60.7,97,3.7,90.6,
Matzek, Tyler,554431,2021,69,40,3,77,37,29.2,14.0,.182,.277,.299,.577,18,0,4,2.57,16,134,1,89.7,15.8,30.4,3.4,37.8,6.3,L,70.7,96,,,
Rodriguez, Joely,570257,2021,52,53,4,47,18,22.7,8.7,.294,.389,.343,.732,24,2,3,4.66,27,134,3,87.3,1,27.1,5,35.8,7,L,58.6,94,37.6,88.4,
Valdez, Phillips,570488,2021,28,35,4,35,19,19.8,10.7,.238,.354,.345,.698,26,2,0,5.85,32,124,3,88.3,5,27.6,6,36.2,7.9,R,40.4,92.7,49.1,85.3,
Urena, Jose,570632,2021,26,119,14,67,42,14.7,9.2,.292,.475,.362,.837,65,4,8,5.81,63,251,5,90.8,8.2,31.8,8.7,47.8,6.7,R,63.4,93.9,13.6,89.8,
Robles, Hansel,570663,2021,72,58,8,76,37,25.6,12.5,.228,.398,.337,.734,34,3,5,4.43,36,185,5,91.1,11.9,31.3,11.2,47.5,8.9,R,55.8,96.7,29.7,89.3,
Cessa, Luis,570666,2021,53,55,5,54,19,20.7,7.3,.229,.342,.284,.625,18,5,2,2.51,26,172,6,86.9,8.5,30.3,6.4,35.1,8.4,R,31.5,93.6,11.8,87.8,
Boyd, Matthew,571510,2021,15,77,9,67,23,19.9,6.8,.255,.397,.318,.715,34,3,8,3.89,33,213,3,87.8,17.1,28.7,7.9,36.3,6.8,L,47.5,91.9,22.5,79.9,
Brothers, Rex,571521,2021,57,41,9,75,35,31.8,14.8,.212,.399,.347,.746,31,3,2,5.26,31,139,0,91.5,15.9,39.2,11.7,45.4,5.9,L,65.5,94.5,,,
Corbin, Patrick,571578,2021,31,192,37,143,60,19.0,8.0,.286,.510,.340,.850,111,9,16,5.82,109,423,3,89.4,9,32.9,9.2,41.2,6.7,L,56.7,92.4,4.2,81.5,
Farmer, Buck,571656,2021,36,40,9,37,21,21.6,12.3,.278,.500,.386,.886,25,0,0,6.37,27,112,0,91.2,14.7,36.1,10.2,45.4,7.2,R,47.7,94,25.6,87.7,
Floro, Dylan,571670,2021,68,53,2,62,25,23.0,9.3,.217,.287,.289,.576,20,6,6,2.81,22,181,5,85.8,8.8,30.1,5.5,32.8,6.5,R,62.8,93.7,24.1,86.4,
Givens, Mychal,571710,2021,54,43,7,54,27,25.0,12.5,.234,.413,.333,.746,19,4,3,3.35,26,154,3,85.7,16.1,38.3,9.8,27.5,6.8,R,47,94.7,37.4,82.4,
Hale, David,571735,2021,17,30,5,21,9,18.1,7.8,.283,.491,.345,.835,19,0,2,6.41,27,57,1,89.3,11.7,38.8,11.8,43.5,6.3,R,55.5,92.7,24.3,82.7,
Heaney, Andrew,571760,2021,30,130,29,150,41,26.9,7.3,.256,.487,.317,.804,84,8,9,5.83,74,371,1,89.3,18.5,33.8,9.4,40.8,6.3,L,59.4,92,18,83.8,
Loup, Aaron,571901,2021,65,37,1,57,16,26.1,7.3,.192,.238,.261,.500,6,6,0,0.95,17,162,3,88.1,9.1,34,2.1,37.6,9.2,L,84.8,89.4,8.6,79.9,
Matz, Steven,571927,2021,29,158,18,144,43,22.3,6.6,.265,.405,.320,.725,64,14,7,3.82,62,470,6,87.8,9.6,32.2,7,37.9,8.3,L,51.9,94.5,23.4,85.1,
Mikolas, Miles,571945,2021,9,43,6,31,11,16.7,5.9,.253,.406,.301,.707,21,2,3,4.23,22,135,3,87.7,9.8,28.2,7.7,37.3,8.2,R,49.4,93,7.2,87.4,
Richards, Garrett,572070,2021,40,158,19,115,60,18.6,9.7,.289,.468,.361,.829,74,7,8,4.87,77,361,12,91.1,10.6,34.6,8.5,47.8,8.8,R,53.6,94.3,6.9,90.6,
Selman, Sam,572125,2021,25,20,3,19,12,17.3,10.9,.222,.356,.336,.692,16,0,1,5.76,17,76,1,84.1,25.5,39.2,5.4,27,8.1,L,55.5,90.9,,,
Smith, Burch,572143,2021,31,49,5,28,11,14.9,5.9,.280,.440,.324,.764,26,1,1,5.40,31,117,1,91.1,15.5,38.5,5.4,41.9,9.1,R,68.9,93.4,13.6,82.1,
Tepera, Ryan,572193,2021,65,35,4,74,19,30.8,7.9,.164,.272,.242,.514,19,0,2,2.79,26,136,0,87.3,14.7,27.3,8.4,35,5.8,R,44.1,93.3,10.4,86.5,
Greene, Shane,572888,2021,28,25,6,24,14,21.2,12.4,.263,.505,.381,.886,19,0,1,7.23,11,81,0,89.7,20.8,28.2,11.3,40.8,6.4,R,64.9,90.3,7,86,
Johnson, Pierce,572955,2021,63,47,6,77,27,31.6,11.1,.220,.369,.307,.677,21,3,4,3.22,17,195,0,89.1,17.4,36,7.2,35.3,8.1,R,32.5,95.5,,,
Keuchel, Dallas,572971,2021,32,189,25,95,59,13.2,8.2,.290,.472,.354,.827,95,9,9,5.28,91,457,10,88.3,4.9,33.7,8.8,39.5,4.2,L,64.5,86.8,28.6,79.6,
Mantiply, Joe,573009,2021,57,45,1,38,17,21.5,9.6,.292,.448,.356,.804,15,0,3,3.40,21,123,9,86.6,7.7,35.5,5.8,36.4,9,L,51.4,91.1,18.4,83.4,
Rogers, Taylor,573124,2021,40,38,4,59,8,35.5,4.8,.247,.370,.277,.647,15,2,4,3.35,24,135,3,87.7,5.9,34.3,7.1,36.4,9.8,L,46,95.7,,,
Stroman, Marcus,573186,2021,33,161,17,158,44,21.6,6.0,.242,.362,.290,.653,60,10,13,3.02,62,461,10,89.1,6.3,33.6,6.5,42,6.9,R,61,91.4,16.1,86.1,
Thielbar, Caleb,573204,2021,59,55,8,77,20,28.9,7.5,.232,.401,.293,.694,23,7,0,3.23,33,188,1,88.4,20.8,32.5,12,39.2,9.1,L,49,91.3,0.3,82.4,
Minaya, Juan,573668,2021,29,27,4,43,20,25.7,12.0,.189,.329,.293,.622,11,2,1,2.48,12,85,1,89.5,6,30.4,5.9,42.2,7,R,51.4,95.2,44.9,88.9,
Kikuchi, Yusei,579328,2021,29,145,27,163,62,24.5,9.3,.243,.432,.318,.750,77,7,9,4.41,69,421,5,91.9,7.9,37.4,11,47,8.7,L,70.6,93.2,10.5,86.2,
Bedrosian, Cam,592135,2021,26,27,6,23,17,19.8,14.7,.278,.485,.379,.864,14,0,0,5.04,14,69,0,87.9,18.3,34.2,11.8,42.1,8.8,R,50.2,92.9,25.2,84.3,
Claudio, Alex,592222,2021,41,37,6,30,15,20.3,10.1,.278,.489,.351,.840,20,1,2,5.51,23,103,2,88,6.2,33,6.8,40.8,7.2,L,48.6,85.4,24.4,72.7,
Crichton, Stefan,592233,2021,31,33,3,17,12,14.5,10.3,.333,.495,.419,.914,19,0,4,7.33,18,71,3,90.5,15.1,22.6,6,45.2,9.2,R,68.2,90.9,4,87,
Foltynewicz, Mike,592314,2021,28,139,35,97,36,16.6,6.1,.260,.527,.314,.841,84,2,12,5.44,82,385,2,89.8,16.1,37.2,9.2,43,8.9,R,51.1,93.5,12.7,85.3,
Gausman, Kevin,592332,2021,33,150,20,227,50,29.3,6.5,.210,.345,.263,.609,60,14,6,2.81,61,473,6,89.1,12.1,30.6,7.1,40.9,8.8,R,52.7,94.6,41.1,83.6,
Gonzalez, Chi Chi,592346,2021,24,127,18,56,28,12.5,6.3,.311,.538,.359,.897,73,3,7,6.46,74,274,1,90.2,11.7,39.9,8.9,45,7.8,R,61.4,91.2,9.7,84.3,
Gray, Jon,592351,2021,29,140,21,157,58,24.4,9.0,.245,.420,.320,.739,76,8,12,4.59,70,450,7,89,9.5,30.4,6.9,38.2,8.5,R,47.6,94.9,8,87.6,
Hembree, Heath,592390,2021,60,45,12,83,24,34.2,9.9,.207,.419,.292,.712,36,2,7,5.59,34,178,3,89.2,23.4,29.9,10.4,41,6.6,R,52.3,95.3,,,
Jackson, Luke,592426,2021,71,45,6,70,29,26.8,11.1,.198,.317,.291,.608,14,2,2,1.98,22,152,1,90.5,6.2,28.7,8.1,41.3,6.6,R,35.6,95.8,,,
Plutko, Adam,592644,2021,38,65,17,44,27,17.3,10.6,.295,.614,.373,.986,42,1,2,6.71,51,117,1,91.3,23.2,38.7,11.6,39.8,7.2,R,82.8,90.1,,,
Ray, Robbie,592662,2021,32,150,33,248,52,32.1,6.7,.210,.401,.266,.667,61,13,7,2.84,61,442,1,90.4,17.6,34.3,9.8,43.1,8.8,L,59.5,94.8,3.6,88.2,
Sampson, Adrian,592716,2021,10,30,8,28,8,19.3,5.5,.231,.462,.303,.765,11,1,2,2.80,15,72,4,89.4,13.5,28.2,10.7,43.3,7.5,R,63.1,91.4,24.4,85.4,
Sanchez, Aaron,592717,2021,9,32,2,26,15,16.7,9.6,.234,.328,.327,.655,12,1,1,3.06,12,102,0,86.5,5.6,27.9,4.5,36,9.4,R,49.2,89.9,20.2,83.3,
Shreve, Chasen,592741,2021,57,43,7,45,28,19.1,11.9,.212,.374,.306,.681,20,3,3,3.20,27,128,0,88,16.7,34.2,6.8,30.4,5.3,L,40.2,91.6,36.9,82.9,
Smith, Caleb,592761,2021,45,93,20,124,63,24.8,12.6,.217,.401,.324,.725,61,4,9,4.83,60,340,3,86.8,23.7,36.3,8.5,29.1,8,L,48.1,91.4,14.7,82.1,
Smyly, Drew,592767,2021,29,133,27,117,41,21.4,7.5,.269,.480,.322,.802,63,11,4,4.48,62,347,6,88.8,14.9,36.1,10.1,39,7.8,L,58,91.2,,,
Stanek, Ryne,592773,2021,72,46,8,83,37,28.6,12.8,.186,.312,.303,.615,26,3,5,3.42,29,162,6,91,18.6,37,9.7,43.6,7.4,R,59.7,97.6,21.8,88,
Taillon, Jameson,592791,2021,29,130,24,140,44,23.2,7.3,.238,.422,.299,.721,69,8,6,4.30,69,350,4,88.9,20.9,33.9,8.2,40.4,7.7,R,58.7,93.6,6,88,
Velasquez, Vince,592826,2021,25,91,23,101,49,24.2,11.8,.251,.525,.345,.870,66,3,9,6.30,58,267,2,90.8,20.4,36.6,12.2,43.4,10.1,R,54.3,93.1,15.2,89,
Walker, Taijuan,592836,2021,30,133,26,146,55,22.3,8.4,.225,.400,.294,.694,79,7,11,4.47,73,473,5,89.1,12.4,30.5,10,39.4,7.5,R,57.1,94.2,14.2,89.5,
Wick, Rowan,592858,2021,22,17,1,29,14,29.0,14.0,.205,.253,.320,.573,11,0,1,4.30,12,78,1,85.4,14.2,38.2,5.5,30.9,8.3,R,68.5,94.3,,,
Williams, Trevor,592866,2021,23,105,11,90,31,22.2,7.7,.287,.462,.343,.805,44,4,2,4.35,44,257,7,89.2,10.8,34.3,7.1,37.9,6.4,R,60.4,91.1,10,84.3,
Rodriguez, Richard,593144,2021,64,50,8,42,10,16.7,4.0,.209,.372,.247,.619,21,5,4,2.94,23,140,0,91.5,22.9,31.5,9.1,44.2,8.5,R,86.1,93.1,,,
German, Domingo,593334,2021,22,89,17,98,27,23.9,6.6,.234,.426,.288,.714,50,4,5,4.58,44,248,2,89.4,14.7,34.3,7.8,39.2,6.5,R,43.6,93.5,22.5,86.5,
Martinez, Carlos,593372,2021,16,77,8,57,36,15.7,9.9,.246,.390,.342,.731,57,4,9,6.23,49,223,1,89.8,8.4,30.9,8.5,42.5,7.6,R,62.6,92,13.5,84.8,
Montas, Frankie,593423,2021,32,164,20,207,57,26.6,7.3,.232,.372,.293,.665,70,13,9,3.37,75,470,9,89.3,11.6,34.4,8.7,42.3,7.2,R,64.3,95.8,22.5,87.5,
Neris, Hector,593576,2021,74,55,12,98,32,31.6,10.3,.202,.382,.294,.676,30,4,7,3.63,41,195,4,86.8,12,26.1,6.3,36.8,6.7,R,55.8,94.4,40.7,84.2,
Tapia, Domingo,593619,2021,34,25,1,26,15,19.3,11.1,.208,.275,.296,.571,10,4,1,2.67,12,90,0,90,9.2,34,4.3,42.6,7.9,R,74.6,97.2,6.2,89.2,
Suero, Wander,593833,2021,45,45,11,44,15,23.2,7.9,.266,.521,.337,.858,30,2,3,6.33,32,114,5,89,18.9,37,10.2,43.3,6.8,R,75.8,92,15.8,87,
Rodriguez, Eduardo,593958,2021,32,172,19,185,47,27.4,7.0,.277,.437,.327,.765,83,13,8,4.74,72,448,4,86.5,12.3,37.4,6.8,33.6,6.3,L,68.8,91.5,23.1,85.4,
Peralta, Wandy,593974,2021,56,49,6,43,21,19.6,9.6,.251,.385,.324,.709,19,5,4,3.35,28,112,5,85.7,4.7,28.6,7.8,29.8,5.6,L,37.5,95.2,48.1,87.8,
Mayers, Mike,594577,2021,72,71,11,90,26,28.6,8.3,.250,.430,.317,.747,32,5,5,3.84,36,201,0,91,16,32.7,8.2,41.8,6.1,R,68.1,93,0.2,87.7,
deGrom, Jacob,594798,2021,15,40,6,146,11,45.1,3.4,.129,.242,.160,.402,11,7,2,1.08,13,173,3,87.7,13.7,30.1,6.6,36.7,5.5,R,57.4,99.2,8.9,91.4,
Gonzales, Marco,594835,2021,25,125,29,108,42,18.5,7.2,.234,.465,.294,.759,63,10,6,3.96,63,386,1,88.1,20.6,37.4,11.4,37,6.2,L,64.5,87.7,20.1,79.3,
Ponce de Leon, Daniel,594965,2021,24,32,5,24,22,15.2,13.9,.252,.465,.373,.838,23,1,1,6.21,22,88,1,89.6,19.1,33.6,6.5,37.4,6.7,R,83.4,92.6,13,86.1,
Sadler, Casey,594987,2021,42,19,1,37,10,25.5,6.9,.143,.195,.207,.402,3,0,1,0.67,5,122,1,85.4,3.5,18.6,3.1,30.9,8.3,R,68.2,90.2,0.3,90.4,
Treinen, Blake,595014,2021,72,46,5,85,25,29.7,8.7,.179,.253,.259,.512,16,6,5,1.99,16,175,4,83.3,10.4,20.2,2.3,27.2,6.4,R,65.1,95.6,0.1,90,
Eickhoff, Jerad,595191,2021,5,30,9,13,10,12.5,9.6,.333,.722,.413,1.136,19,0,2,8.69,23,49,5,92.1,18.9,46.2,14.1,47.4,8.7,R,48.7,90,7.3,84,
Okert, Steven,595345,2021,34,22,5,40,15,28.2,10.6,.183,.358,.289,.647,11,3,1,2.75,13,94,1,86.8,24.9,27.7,7.2,36.1,8.7,L,40.4,92.2,,,
Winkler, Dan,595465,2021,47,32,5,40,30,21.1,15.8,.213,.373,.374,.747,23,1,3,5.22,26,82,1,84.6,12.6,37.8,8.1,25.2,4.6,R,92.9,91.9,,,
Curtiss, John,595928,2021,41,42,6,44,12,23.5,6.4,.244,.407,.294,.701,17,3,1,3.45,30,126,4,91.6,17.1,33.1,6.2,44.1,8.7,R,50.1,94.9,0.1,90.7,
Ellis, Chris,595939,2021,7,21,3,23,14,19.0,11.6,.200,.324,.306,.630,7,1,0,2.15,7,75,0,92.6,23,41.5,12.2,52.4,6.6,R,48.1,93.8,8.5,87.4,
Junis, Jakob,596001,2021,16,43,7,41,12,24.4,7.1,.279,.461,.327,.788,23,2,4,5.26,18,122,1,91.2,11.6,39.1,12.2,43.5,9.3,R,56.3,90.1,3.3,84.8,
Maples, Dillon,596027,2021,28,15,2,40,25,28.8,18.0,.144,.231,.345,.576,9,1,0,2.59,11,113,1,86.9,5.3,30.3,6.1,42.4,6.2,R,51.7,95.2,,,
Norris, Daniel,596057,2021,56,55,9,58,30,23.4,12.1,.256,.428,.351,.779,39,2,3,6.16,39,148,2,92.3,10.2,31,6.3,45.6,7,L,47.5,92.7,29.9,86.9,
Peters, Dillon,596071,2021,6,26,2,23,10,19.7,8.5,.245,.415,.316,.731,11,1,2,3.71,11,69,1,88.6,10.7,30.1,9.6,41,8.6,L,51.7,90.8,32.1,83.9,
Stephenson, Robert,596112,2021,49,42,5,52,18,26.4,9.1,.241,.408,.315,.723,16,2,1,3.13,30,142,4,89.1,15.4,32,7.2,36.8,7.7,R,49.4,96.5,0.8,87.2,
Weaver, Luke,596133,2021,13,58,11,62,20,22.5,7.3,.233,.470,.287,.757,31,3,6,4.25,33,177,3,90.1,14.5,36.1,9.4,41.4,7.9,R,68.1,93,30,85.4,
Gomber, Austin,596295,2021,23,102,20,113,41,23.2,8.4,.232,.420,.299,.720,58,9,9,4.53,54,353,6,88,11.8,32.9,9.4,33.8,7.5,L,40.7,91.6,19.4,83.1,
Barnes, Matt,598264,2021,60,41,8,84,20,37.8,9.0,.206,.357,.284,.641,23,6,5,3.79,24,173,2,89.8,18,23.3,9.5,41.4,6.9,R,49.8,95.8,1.7,87.7,
Ramirez, Noe,598287,2021,38,23,3,29,12,19.7,8.2,.178,.287,.259,.545,12,0,2,3.00,13,108,2,88.4,24.9,31.1,4.9,28.2,7.9,R,37.5,89.1,29.9,84.1,
Machado, Andres,600921,2021,40,30,4,30,15,19.5,9.7,.226,.376,.325,.701,14,1,2,3.53,22,102,3,89.1,11.4,27.9,6.7,36.5,6.9,R,70.7,94.7,10,87.9,
Pivetta, Nick,601713,2021,31,137,24,175,65,26.5,9.8,.234,.417,.313,.730,78,9,8,4.53,76,453,2,89.7,16.7,33.4,8.2,40.4,8.2,R,51.9,94.8,2.7,87.9,
Barlow, Scott,605130,2021,71,61,4,91,28,29.7,9.2,.223,.328,.297,.626,20,5,3,2.42,31,212,0,88.3,14.6,33.5,8.1,36.8,6.8,R,33.4,95.3,,,
Bassitt, Chris,605135,2021,27,127,15,159,39,25.0,6.1,.218,.348,.278,.626,55,12,4,3.15,49,428,0,87.6,12.5,32.9,6.5,33.2,9.4,R,73.2,91.9,10.2,85.3,
Benjamin, Wes,605138,2021,13,29,6,19,17,17.0,15.2,.309,.543,.411,.953,22,0,2,8.74,22,68,1,90.5,20.8,39.5,9.2,36.8,7.8,L,70.9,89.1,12.6,84.1,
Bradley, Archie,605151,2021,53,51,5,40,22,17.9,9.8,.258,.404,.339,.743,21,7,3,3.71,24,146,3,86.7,6.7,29.6,6.3,38.2,6.8,R,70.5,94,13.9,85.5,
Bundy, Dylan,605164,2021,23,89,20,84,34,21.2,8.6,.253,.491,.325,.816,61,2,9,6.06,54,311,3,89.2,14.9,35.5,10.3,38.5,7.3,R,51.5,90.7,13.7,83.2,
Chafin, Andrew,605177,2021,71,45,4,64,19,24.1,7.1,.186,.273,.248,.521,14,2,4,1.83,21,155,0,87.7,12.7,31.5,6.1,33.7,7,L,73.5,92,0.1,84.9,
Cotton, Jharel,605194,2021,23,28,2,30,15,21.9,10.9,.237,.331,.328,.659,12,2,0,3.52,13,80,0,85.8,26,27.8,5.6,23.3,6.8,R,47.5,93,30.3,80,
Crick, Kyle,605195,2021,27,14,0,21,19,19.6,17.8,.175,.200,.355,.555,12,1,1,4.44,7,74,2,84.4,16.5,29,3.2,22.6,5.5,R,38.7,92.6,0.5,86.6,
Davies, Zach,605200,2021,32,162,25,114,75,17.1,11.2,.281,.485,.362,.848,95,6,12,5.78,90,436,4,89.8,11,36.2,9.1,43.3,4.3,R,60,87.8,32.5,78.5,
Fulmer, Michael,605242,2021,52,69,7,73,20,24.6,6.7,.256,.378,.316,.694,23,5,6,2.97,38,170,4,86.7,12.1,33.2,6.5,35.2,5.5,R,45.6,95.6,11.2,88.1,
Hess, David,605276,2021,15,32,10,18,11,17.6,10.8,.364,.784,.431,1.215,22,2,2,9.90,28,50,2,94.7,21.2,40.3,15.3,50,9,R,58,94,3.5,86.6,
Holmes, Clay,605280,2021,69,53,5,78,29,26.7,9.9,.206,.284,.295,.579,28,8,4,3.60,33,245,4,87.1,-6.5,21,3.9,34.8,7.9,R,59,96,,,
Houser, Adrian,605288,2021,28,118,12,105,64,17.5,10.7,.228,.340,.319,.659,51,10,6,3.22,48,380,10,87.1,1.4,28.1,5,36,5.9,R,67.3,93.7,11.1,87.7,
Lopez, Jorge,605347,2021,33,142,21,112,56,20.2,10.1,.293,.485,.375,.859,82,3,14,6.07,70,391,1,89.7,5.7,35,9.3,43.5,8.4,R,56.9,95.3,13.8,88.5,
Marshall, Evan,605359,2021,27,28,5,26,9,23.0,8.0,.277,.515,.327,.842,17,0,2,5.60,25,66,0,87.3,12.9,33.3,10.3,33.3,4.1,R,36.6,93.1,35.2,88.3,
Morgan, Adam,605388,2021,34,22,6,28,12,25.9,11.1,.237,.505,.324,.829,12,2,1,4.26,19,83,3,87.2,9.3,28.4,9,40.3,5.4,L,34.8,92.5,7.5,85.2,
Musgrove, Joe,605397,2021,32,142,22,203,54,27.1,7.2,.213,.364,.286,.650,64,11,9,3.18,66,552,4,87.8,11.6,33.8,7.2,38.5,7.6,R,43.6,92.2,4.8,87.1,
Nola, Aaron,605400,2021,32,165,26,223,39,29.8,5.2,.237,.405,.284,.690,93,9,9,4.63,86,546,2,88.9,14.4,33.3,7.1,37.4,7.5,R,53.2,92.5,19.8,85.2,
Rios, Yacksel,605441,2021,23,18,3,23,16,20.2,14.0,.189,.368,.316,.684,13,3,0,4.28,14,72,0,86.5,13.6,27.4,11,43.8,7.4,R,60.9,97.1,13.3,86.3,
Romano, Jordan,605447,2021,62,41,7,85,25,33.6,9.9,.181,.310,.265,.575,15,7,1,2.14,19,158,2,89.1,12.3,25.4,9.2,33.8,8.8,R,63.2,97.6,,,
Ross, Joe,605452,2021,20,98,17,109,34,23.7,7.4,.237,.402,.304,.706,50,5,9,4.17,52,325,7,87.6,12.2,34.6,8.4,37.2,8.4,R,62.6,93.5,6.1,88.6,
Snell, Blake,605483,2021,27,101,16,170,69,30.9,12.5,.214,.375,.315,.690,60,7,6,4.20,58,384,1,89.8,13.1,38,10.7,42.3,7.2,L,52.8,95.1,9.8,88.2,
Springs, Jeffrey,605488,2021,43,35,9,63,14,35.2,7.8,.216,.444,.274,.718,17,5,1,3.43,23,131,4,87.6,13.8,39.2,13.7,36.3,6.1,L,41.9,93.4,27.8,84,
Thompson, Zach,605507,2021,26,63,6,66,28,21.0,8.9,.227,.374,.298,.673,27,3,7,3.24,29,184,8,87.9,14.5,27.1,6.4,34.5,7.6,R,71,89.6,12.4,85.4,
Turnbull, Spencer,605513,2021,9,37,2,44,12,21.9,6.0,.203,.286,.269,.554,16,4,2,2.88,14,117,2,88.2,6.2,27.9,5,33.6,7,R,60.5,94.2,7.5,87.1,
Wendelken, J.B.,605525,2021,46,44,4,39,22,20.1,11.3,.256,.372,.340,.712,21,4,3,4.33,22,111,3,87.9,11.9,30.8,6.8,34.6,7.5,R,64.2,94,9.6,85.9,
Wisler, Matt,605538,2021,48,41,6,62,11,31.8,5.6,.228,.400,.272,.672,20,3,5,3.70,29,169,4,86.8,24,33.9,5.8,25.6,9.7,R,9.1,91.5,,,
Woodruff, Brandon,605540,2021,30,130,18,211,43,29.8,6.1,.200,.317,.254,.571,51,9,10,2.56,50,482,3,86.2,10.6,36,5.8,32.7,8.6,R,60.4,96.4,14.2,86.5,
Gallegos, Giovanny,606149,2021,73,51,6,95,20,30.6,6.5,.183,.302,.248,.551,27,6,5,3.02,26,180,1,89,20.7,34.9,10.1,38.6,6.7,R,52.8,94.4,4.6,87.1,
Montero, Rafael,606160,2021,44,59,4,42,17,18.7,7.6,.296,.422,.360,.782,35,5,4,6.39,35,123,5,86.7,5.9,29.8,5,34.2,7.1,R,61.4,95.5,19.2,89.7,
Payamps, Joel,606303,2021,37,44,6,38,14,18.5,6.8,.232,.379,.288,.667,19,1,3,3.40,25,127,3,86.3,13.9,28.9,5.3,30.3,7.3,R,60.5,94.7,9.9,87,
Garcia, Jarlin,606424,2021,58,48,9,68,18,25.3,6.7,.196,.380,.253,.632,20,6,3,2.62,29,207,6,89.7,12.6,35.4,7.2,40.3,9.3,L,50,93.1,24.6,85.2,
Barnes, Jacob,606930,2021,29,31,7,33,11,25.8,8.6,.270,.504,.336,.840,20,1,2,6.28,22,82,0,90,10.3,25.3,9.6,39.8,4,R,91.8,92.3,7.4,87.2,
Rodon, Carlos,607074,2021,24,91,13,185,36,34.6,6.7,.189,.306,.253,.558,35,13,5,2.37,38,341,4,89.2,18.7,29.9,6.6,36.2,7.3,L,58.7,95.4,12.4,85.2,
Faria, Jake,607188,2021,23,39,5,32,13,20.8,8.4,.285,.489,.351,.840,20,0,0,5.51,22,110,1,90.1,14.8,34.6,9.3,40.2,6.1,R,56.2,92.3,20.5,82.4,
Glasnow, Tyler,607192,2021,14,55,10,123,27,36.2,7.9,.176,.319,.241,.561,26,5,2,2.66,23,221,0,91.5,13,31.1,8.9,46.8,7.9,R,51.6,97,2.5,91.5,
Fedde, Erick,607200,2021,29,144,23,128,48,21.7,8.1,.275,.466,.332,.798,81,7,9,5.47,79,388,9,89.8,7.3,31.1,9.3,40.6,6.5,R,66.3,92.3,10.2,87.7,
Romano, Sal,607219,2021,19,31,5,17,11,14.4,9.3,.292,.491,.364,.855,17,0,2,6.12,19,78,3,89.4,12.3,36,9,41.6,8,R,62.5,93.6,,,
Gsellman, Robert,607229,2021,17,27,3,17,7,14.3,5.9,.248,.385,.303,.688,12,0,1,3.77,16,55,2,86.3,7.4,30.4,5.4,31.5,6.3,R,62.5,94,16.4,84.8,
Gant, John,607231,2021,39,95,10,92,71,18.7,14.5,.233,.368,.350,.718,50,5,11,4.09,43,317,6,89.9,10.1,32,5.6,38.5,6.5,R,68.9,89.9,22.5,80.1,
Garrett, Amir,607237,2021,63,46,9,61,29,28.4,13.5,.249,.449,.349,.797,32,0,4,6.04,31,156,2,90.4,8.9,29.6,9.6,47.2,8.3,L,48.9,94.8,,,
Patton, Spencer,607359,2021,42,36,4,48,15,27.9,8.7,.229,.357,.297,.653,18,2,2,3.83,21,128,2,85.9,12.8,31.2,4.6,28.4,7.5,R,56.6,93.4,9.8,85.6,
Mazza, Chris,607391,2021,14,26,3,21,7,18.8,6.3,.257,.406,.313,.718,14,0,0,4.61,14,60,0,85.5,18.2,30.5,8.5,28,8.7,R,69,88.7,1.9,83.1,
Banda, Anthony,607455,2021,30,39,6,32,13,20.9,8.5,.287,.478,.353,.831,16,2,2,4.28,20,94,2,88.6,15.3,38.7,4.7,37.5,7.4,L,49.2,93.9,37.2,86.2,
Bummer, Aaron,607481,2021,62,42,3,75,29,31.0,12.0,.202,.250,.310,.560,22,5,5,3.51,22,187,6,88.2,-10.9,14.2,2.2,41.7,7.6,L,69.8,94.6,0.6,88.5,
Freeland, Kyle,607536,2021,23,133,20,105,38,20.4,7.4,.284,.471,.340,.811,58,7,8,4.33,54,340,1,88.4,11.4,34.5,8.2,35.3,5.5,L,40.2,91.4,17.2,85.8,
Harper, Ryne,607560,2021,34,28,6,31,14,20.9,9.5,.214,.389,.297,.687,16,0,2,4.04,14,108,0,83.7,13.9,31.7,6.9,28.7,9,R,24.3,86.5,,,
Howard, Sam,607572,2021,54,34,7,60,32,30.2,16.1,.211,.379,.347,.726,28,3,4,5.60,24,137,1,87.3,13.4,29.8,8.7,30.8,5.4,L,43.3,93.4,1.8,83.9,
Lugo, Seth,607625,2021,46,41,6,55,19,28.2,9.7,.237,.399,.313,.712,18,4,3,3.50,25,140,0,89.2,9.7,37.5,8.3,38.3,7.5,R,54,93.8,3.2,86.8,
Means, John,607644,2021,26,125,30,134,26,22.7,4.4,.224,.427,.263,.690,59,6,9,3.62,58,346,5,87.9,20.3,37.1,10.1,37.8,8.5,L,47.9,92.8,27.3,83.4,
Estevez, Carlos,608032,2021,64,71,8,60,21,22.2,7.8,.293,.455,.348,.803,30,3,5,4.38,35,139,2,90.5,12.9,33.2,7.5,39.6,7.9,R,65.8,97.1,19.3,88.7,
De Jong, Chase,608328,2021,9,49,11,39,19,19.9,9.7,.280,.589,.352,.941,28,1,4,5.77,27,125,0,91.1,17.1,38,13.1,46.7,7.9,R,49,92.9,4.6,86.2,
Fried, Max,608331,2021,28,139,15,158,41,23.7,6.1,.227,.353,.280,.633,56,14,7,3.04,54,430,5,86.5,6.1,31.2,6.3,34.3,8.1,L,50.4,93.8,2.2,84.7,
Fulmer, Carson,608334,2021,20,26,3,24,13,20.7,11.2,.265,.429,.362,.791,19,0,0,6.66,15,68,1,89.3,7.8,32.9,11.8,43.4,6.5,R,65,90.7,15,86.9,
Funkhouser, Kyle,608335,2021,57,58,6,63,38,21.1,12.8,.229,.340,.332,.672,26,7,4,3.42,31,182,6,87.5,7.2,25.8,4.6,36.6,5.4,R,62.1,95.6,7.7,88.9,
Giolito, Lucas,608337,2021,31,145,27,201,52,27.9,7.2,.219,.394,.276,.671,70,11,9,3.53,63,431,4,87.7,18.3,37.4,6.7,34.2,8.7,R,43.9,93.8,31.8,81.5,
Irvin, Cole,608344,2021,32,195,23,125,42,16.3,5.5,.275,.424,.320,.744,84,10,15,4.24,83,426,10,89.3,16.2,35.9,7.3,39.3,8.6,L,59.9,90.7,22,84.2,
Knebel, Corey,608349,2021,27,16,2,30,9,29.7,8.9,.176,.275,.248,.522,7,4,0,2.45,7,67,1,90.1,12.2,35.5,4.8,27.4,10,R,57.4,96.3,,,
Sims, Lucas,608371,2021,47,34,6,76,18,39.0,9.2,.200,.371,.287,.658,23,5,3,4.40,25,161,3,86.5,20.4,44.3,6.2,35.1,7.7,R,41.2,95.1,0.4,90.9,
Wacha, Michael,608379,2021,29,132,23,121,31,22.9,5.9,.270,.467,.316,.784,70,3,5,5.05,66,274,3,89.9,13.3,39.8,10.5,43,8.8,R,64.3,92,29.4,86.9,
Marquez, German,608566,2021,32,165,21,176,64,23.3,8.5,.242,.389,.308,.697,88,12,11,4.40,83,444,4,88.9,5.2,32.5,5.3,39.3,8.6,R,52.9,94.7,2.1,86.1,
Chargois, JT,608638,2021,56,38,5,53,20,24.5,9.3,.202,.346,.296,.642,15,6,1,2.52,23,137,1,89.2,12.2,34.3,7.3,36.5,6.6,R,40.4,96.2,,,
Duffey, Tyler,608648,2021,64,48,4,61,28,24.0,11.0,.216,.311,.307,.618,22,3,3,3.18,26,193,3,91.4,10.3,28.2,5.5,45.4,6.3,R,50.9,92.5,,,
Farrell, Luke,608652,2021,20,28,4,25,13,22.1,11.5,.280,.480,.363,.843,13,1,1,4.74,11,76,0,91.4,13.3,42.7,10.7,42.7,6.6,R,40.2,91.4,1.9,83.4,
Graveman, Kendall,608665,2021,53,35,3,61,20,27.5,9.0,.180,.253,.284,.536,11,5,1,1.77,18,155,4,87.4,6.2,32.3,5.3,35.3,7.6,R,71.5,96.6,6.9,89.6,
Leone, Dominic,608678,2021,57,37,2,50,22,22.8,10.0,.195,.268,.274,.542,9,4,5,1.51,12,126,6,88.5,11.4,27.6,4.1,40,6.1,R,72.4,93.7,,,
Steckenrider, Drew,608716,2021,62,52,5,58,17,21.7,6.4,.214,.333,.273,.607,15,5,2,2.00,20,177,1,90.7,16.3,30.3,5.3,38,9,R,65.6,94,16,87.6,
Stratton, Chris,608717,2021,68,70,9,86,33,25.5,9.8,.233,.367,.309,.675,32,7,1,3.63,34,224,2,89,13.5,34.1,6.9,36.9,6.8,R,48.4,93,12.7,86.6,
Suter, Brent,608718,2021,61,72,9,69,24,22.0,7.7,.252,.402,.310,.712,25,12,5,3.07,38,193,9,85.5,7.6,30.6,5.9,34.7,7.5,L,76.8,87.4,9.4,83.9,
Voth, Austin,608723,2021,49,57,10,59,28,23.8,11.3,.266,.467,.347,.814,34,4,1,5.34,38,146,1,88.6,15.4,40.6,11.3,41.3,6,R,73.1,93.4,0.3,88.2,
Castro, Miguel,612434,2021,69,48,7,77,43,25.4,14.2,.189,.299,.320,.619,27,3,4,3.45,25,219,3,86,8.5,34.5,6.8,33.9,5.9,R,42.8,98,22,92.1,
Adams, Austin,613534,2021,65,28,1,76,35,31.5,14.5,.159,.244,.361,.605,24,3,2,4.10,20,185,4,85.7,20.1,38.7,5.7,24.5,7.3,R,13,94,,,
Ruiz, Jose,614179,2021,59,51,8,63,25,23.2,9.2,.210,.366,.280,.647,22,1,3,3.05,36,173,4,92.1,14.5,33.9,8.2,49.2,7.8,R,59.5,97,3.7,89.4,
Quantrill, Cal,615698,2021,40,129,16,121,47,19.6,7.6,.234,.373,.300,.674,48,8,3,2.89,46,370,7,87.6,12.2,31.4,6.8,34.5,6.3,R,77,92.3,14,85,
Sawamura, Hirokazu,617228,2021,55,45,9,61,32,26.2,13.7,.227,.429,.339,.768,18,5,1,3.06,22,111,6,89.5,11.3,29,10.9,42.8,5.2,R,45.5,96,39.3,91.6,
Reyes, Alex,621052,2021,69,46,9,95,52,30.0,16.4,.176,.294,.315,.609,26,10,8,3.24,36,193,6,87.2,17.7,32.1,4.8,34.5,7.7,R,54.5,96.6,9,90.3,
Garza, Justin,621057,2021,21,27,5,29,18,22.7,14.1,.250,.435,.352,.787,15,2,1,4.71,21,85,1,92.1,12.6,44.4,13.6,53.1,8.3,R,82.9,93,8.2,85,
Rucker, Michael,621074,2021,20,32,5,30,11,23.8,8.7,.286,.482,.357,.839,22,0,0,6.99,24,67,3,91,13.4,31.3,8.4,45.9,6,R,64,92.6,6.7,90.4,
Kaprielian, James,621076,2021,24,105,19,123,41,24.5,8.2,.233,.430,.301,.731,54,8,5,4.07,51,354,1,90.1,19,37.5,9.3,42.3,7.3,R,58.8,92.9,15.7,83.8,
Eflin, Zach,621107,2021,18,116,15,99,16,22.4,3.6,.276,.461,.305,.766,49,4,7,4.17,47,292,3,87.9,11.9,33,6.8,39.2,6.4,R,54.4,92.6,10.7,85.3,
Buehler, Walker,621111,2021,33,149,19,212,52,26.0,6.4,.199,.329,.254,.583,57,16,4,2.47,57,570,4,88.2,11.1,29.2,6.8,37.1,7.6,R,68.1,94.4,4.8,91.5,
Blackburn, Paul,621112,2021,9,52,8,26,10,14.9,5.7,.319,.534,.366,.899,25,1,4,5.87,24,120,1,90.5,9.7,32.8,8.8,51.1,5.6,R,73.6,89.6,14.2,85.8,
Burr, Ryan,621114,2021,34,28,3,33,21,21.9,13.9,.224,.320,.331,.651,10,2,1,2.45,15,96,1,91.1,5,25,3.1,47.9,8.8,R,90.4,91.1,,,
McCullers Jr., Lance,621121,2021,28,122,13,185,76,27.0,11.1,.205,.324,.304,.628,57,13,5,3.16,46,552,2,89.8,5.1,25.9,5.3,40.7,7.6,R,35.5,93.8,13.7,85.8,
Mills, Alec,621219,2021,32,137,16,87,34,16.8,6.6,.291,.451,.344,.795,67,6,7,5.07,56,355,8,88.3,7.8,33.2,4.9,39.3,6,R,60.1,89,16.8,79.1,
Alvarado, Jose,621237,2021,64,42,5,68,47,27.1,18.7,.213,.325,.382,.707,26,7,1,4.20,23,200,4,87.6,0.6,31.8,3.9,43.3,7.7,L,96.6,98.5,,,
Diaz, Edwin,621242,2021,63,43,3,89,23,34.6,8.9,.195,.285,.292,.577,24,5,6,3.45,27,146,3,87.6,17.2,33.8,5.1,26.5,7.1,R,62.2,98.8,,,
Berrios, Jose,621244,2021,32,159,22,204,45,26.1,5.8,.223,.380,.280,.660,75,12,9,3.52,77,583,8,88.4,12.4,36.6,9.1,38.3,8,R,56.3,93.9,13.2,84.8,
Garza Jr., Ralph,621248,2021,27,24,5,29,14,22.8,11.0,.214,.411,.307,.718,12,1,4,3.56,12,86,3,88.9,11.9,43.4,7.2,39.8,8.5,R,57.3,90.9,8.5,83.9,
Underwood Jr., Duane,621249,2021,43,77,9,65,27,20.3,8.4,.270,.439,.338,.776,35,2,3,4.33,47,210,5,89.3,8.8,36.6,7.6,42.9,7.6,R,47.1,93.8,27.3,87.8,
Wittgren, Nick,621295,2021,60,61,13,61,17,23.6,6.6,.261,.487,.310,.797,35,2,9,5.05,37,178,3,91.9,8.6,36,11.8,51.1,7.1,R,66.3,91.8,23.1,85.7,
Minter, A.J.,621345,2021,61,44,2,57,20,25.8,9.0,.226,.349,.294,.643,22,3,6,3.78,21,144,5,86.7,11.8,31,4.2,35.2,8.8,L,86.6,92.5,13.4,87.2,
Clay, Sam,621348,2021,58,55,4,34,22,15.9,10.3,.296,.409,.383,.792,28,0,5,5.60,24,136,4,89.7,0.6,29.4,5.9,40.5,6.7,L,65.8,92.3,9.8,87,
Hearn, Taylor,621368,2021,42,96,17,92,42,20.9,9.5,.247,.424,.320,.744,54,6,6,4.66,49,305,4,88.5,15.7,37.3,7.9,38.3,8,L,67.8,94.7,12.2,86.8,
Castro, Anthony,621593,2021,25,23,4,32,8,29.4,7.3,.237,.433,.312,.745,13,1,2,4.74,13,81,2,89.8,13.9,24.2,12.1,47,8.1,R,51.4,95.2,1.3,89.3,
Young, Alex,622065,2021,40,65,12,43,27,17.5,11.0,.307,.538,.386,.924,38,2,6,6.58,53,132,5,90.2,9.9,38.2,9.2,39.9,7.3,L,62,88.8,19.1,85.3,
Wood, Alex,622072,2021,26,125,14,152,39,26.0,6.7,.236,.372,.308,.680,59,10,4,3.83,52,434,4,89.7,7.1,33.1,5.3,40.5,8.3,L,46.4,91.8,22,85.3,
Almonte, Yency,622075,2021,48,47,9,47,29,21.7,13.4,.260,.475,.369,.844,40,1,3,7.55,41,136,2,87.3,13.9,32.8,8.8,35,5.1,R,48.8,94.1,10.2,87.3,
Antone, Tejay,622088,2021,23,17,3,42,13,32.8,10.2,.152,.250,.258,.508,8,2,0,2.14,15,132,0,87.7,12.1,31.4,10,37.1,8.7,R,32.1,96.8,,,
Zimmer, Kyle,622092,2021,52,46,7,46,30,20.6,13.5,.243,.397,.341,.738,29,4,1,4.83,34,151,3,89.4,11.5,25.2,9.5,38.5,6.6,R,50.3,94.1,2.2,86.9,
Smith, Drew,622098,2021,31,28,7,41,16,24.8,9.7,.192,.397,.279,.676,11,3,1,2.40,12,91,2,89.5,19.3,33,9.4,40.6,8,R,87.9,92.4,4.6,85.1,
Sborz, Josh,622250,2021,63,52,7,69,32,26.8,12.5,.234,.383,.327,.710,26,4,3,3.97,27,143,3,91.1,15,34,5.1,41.7,5.7,R,54.5,96.7,,,
Staumont, Josh,622251,2021,64,43,6,72,27,27.3,10.2,.183,.294,.273,.566,21,4,3,2.88,24,199,3,91.7,18,36.2,8.6,45.4,7.8,R,65.3,96.6,,,
Tate, Dillon,622253,2021,62,61,7,49,23,17.1,8.0,.245,.394,.317,.711,33,0,6,4.39,52,195,2,87.6,0.9,25,6.3,38,9.3,R,83.4,92.9,15.8,85.4,
Rodriguez, Jefry,622446,2021,14,25,6,20,17,17.9,15.2,.266,.468,.384,.852,16,0,0,5.92,16,59,0,90.4,19.9,32.4,8.1,40.5,7.3,R,75,94.6,2.9,90.5,
Castillo, Luis,622491,2021,33,181,19,192,75,23.9,9.3,.255,.402,.328,.730,83,8,16,3.98,83,459,11,87.7,4.2,28.7,4.5,36.9,6.6,R,52.1,97.2,30.5,88.3,
Crismatt, Nabil,622503,2021,45,87,10,71,24,20.2,6.8,.274,.420,.339,.759,34,3,1,3.76,42,220,6,88.9,10,29.4,6.9,34.3,7.1,R,25.3,89.9,51.1,82.3,
Senzatela, Antonio,622608,2021,28,178,12,105,32,15.7,4.8,.287,.421,.327,.748,77,4,10,4.42,71,393,7,90.4,8.1,30.7,5.9,42.7,9.1,R,56.1,94.6,6.2,86,
Hernandez, Elieser,622694,2021,11,54,13,53,14,23.6,6.2,.265,.529,.316,.845,24,1,3,4.18,26,146,2,90.2,17.5,32.9,11,39.4,9.4,R,53.3,90.9,12.2,84.5,
Diaz, Miguel,622766,2021,25,31,8,46,19,26.7,11.0,.204,.434,.291,.725,17,3,1,3.64,19,137,2,89.8,11.3,33.6,8.4,42.3,7.5,R,44.9,94.4,53.1,85.9,
Sewald, Paul,623149,2021,62,42,10,104,24,39.4,9.1,.176,.339,.250,.589,22,10,3,3.06,23,191,2,88.3,20.9,34.8,12.6,40.9,9.1,R,58.4,92.3,0.1,69.7,
Flexen, Chris,623167,2021,31,185,19,125,40,16.9,5.4,.268,.414,.309,.724,72,14,6,3.61,73,426,2,89.5,11.6,32.3,6.1,38.3,7.4,R,69.1,91.2,15.7,82.7,
Hader, Josh,623352,2021,60,25,3,102,24,45.5,10.7,.127,.193,.228,.421,8,4,2,1.23,11,142,0,87.5,22,40.6,6.3,30.2,6.2,L,65.5,96.4,6.7,87.7,
Goudeau, Ashton,623485,2021,16,24,4,22,17,15.6,12.1,.202,.370,.305,.675,16,2,1,4.19,15,78,0,87.8,9,28,6,32,5.7,R,45.4,92.7,22,85.1,
Suarez, Ranger,624133,2021,39,73,4,107,33,25.6,7.9,.194,.255,.266,.521,16,8,5,1.36,22,271,4,86.7,4.4,23.8,2.2,30.9,5.5,L,67.9,93.2,24.2,85,
Thompson, Keegan,624522,2021,32,48,9,55,31,22.6,12.8,.233,.408,.333,.741,20,3,3,3.38,25,151,2,89.9,12.6,29.2,7.8,44.8,8.6,R,73.7,92.5,2.4,86.7,
Gonzalez, Victor,624647,2021,44,32,3,33,19,21.3,12.3,.244,.359,.348,.707,14,3,1,3.57,25,95,0,82.4,3.3,35,6,26,7.4,L,55.3,94.3,,,
Lopez, Reynaldo,625643,2021,20,42,10,55,13,24.8,5.9,.205,.420,.248,.667,22,4,4,3.43,26,142,5,89.5,12.6,37.7,9.1,39.5,7.4,R,57.5,95.8,4,85.4,
Maeda, Kenta,628317,2021,21,106,16,113,32,24.9,7.1,.258,.433,.320,.753,55,6,5,4.66,46,261,5,87.7,15,36,6.3,36.3,6.9,R,31.2,90.5,28.5,84.2,
Iglesias, Raisel,628452,2021,65,53,11,103,12,37.7,4.4,.207,.367,.242,.609,20,7,5,2.57,26,172,5,86.2,13.9,33.1,8.9,33.8,7.9,R,44.6,96.4,24.6,89.4,
Urias, Julio,628711,2021,32,151,19,195,38,26.2,5.1,.219,.349,.263,.612,61,20,3,2.96,61,517,6,86,15.5,31.7,5.3,30.3,8.7,L,48.4,94.1,17.3,86.8,
Crowe, Wil,640444,2021,26,126,25,111,57,21.2,10.9,.276,.501,.361,.862,71,4,8,5.48,72,325,4,88.8,13.7,33.4,9.4,37.1,6.6,R,46.7,93.5,18.2,85.1,
Finnegan, Kyle,640448,2021,68,64,9,68,34,23.1,11.6,.251,.404,.340,.744,26,5,9,3.55,50,204,13,88.9,9,29.1,7.4,39.2,8.7,R,68.4,95.6,12.2,87.5,
Manaea, Sean,640455,2021,32,179,25,194,41,25.7,5.4,.255,.415,.304,.718,78,11,10,3.91,75,484,1,90.2,13.3,34.5,8,41.2,8.9,L,60,92.1,24.3,84.5,
Alzolay, Adbert,640470,2021,29,112,25,128,34,24.7,6.6,.236,.439,.291,.730,64,5,13,4.58,59,327,2,89.3,10.8,33.8,9.9,38.1,8.3,R,52,93.4,7.1,85.6,
Lopez, Pablo,641154,2021,20,89,11,115,26,27.5,6.2,.233,.385,.292,.677,35,5,5,3.07,32,268,2,86.7,9.2,33,7.4,33.3,5.9,R,57.9,93.4,32.5,88,
Alexander, Tyler,641302,2021,41,106,16,87,28,19.3,6.2,.255,.429,.306,.735,45,2,4,3.81,43,280,2,88.4,18,33.4,8.4,39.2,6.8,L,72,88.2,18.4,83.7,
Anderson, Shaun,641312,2021,16,36,4,19,12,15.3,9.7,.330,.514,.403,.917,22,0,0,8.49,34,63,8,90.6,19.2,29.7,6.6,44,8.5,R,36,93.2,1.4,86.4,
Bickford, Phil,641360,2021,57,36,7,59,19,28.5,9.2,.197,.350,.280,.630,16,4,2,2.81,13,129,2,90.4,12.1,23.8,7.9,39.7,11.2,R,64.3,93.9,0.4,84.9,
Bowden, Ben,641386,2021,39,44,6,42,21,23.7,11.9,.288,.503,.373,.876,26,3,2,6.56,31,107,4,88.7,22.6,40.7,10.6,36.3,8.9,L,70.9,92.4,18.5,82.4,
Brentz, Jake,641394,2021,72,45,7,76,37,27.3,13.3,.197,.345,.317,.662,26,5,2,3.66,27,188,6,89.3,7.7,34.8,8.2,38.1,6.6,L,59.8,96.9,12.8,91,
Brogdon, Connor,641401,2021,56,47,6,50,18,21.3,7.7,.221,.362,.281,.642,22,5,4,3.43,25,107,5,85.9,15.5,26.5,5.4,31.3,7.5,R,64.4,93.8,35.6,84.6,
Cortes Jr., Nestor,641482,2021,22,75,14,103,25,27.5,6.7,.217,.386,.273,.658,30,2,3,2.90,27,249,2,89,23.7,33.2,7.4,36.1,6.3,L,70.2,88.9,9.7,83,
Dunning, Dane,641540,2021,27,126,13,114,43,22.3,8.4,.275,.427,.344,.771,59,5,10,4.51,55,354,2,89.2,6.7,31.4,8.1,43.5,7.3,R,60.7,89.8,13,84.5,
Foster, Matt,641582,2021,37,43,9,40,13,23.0,7.5,.274,.478,.333,.811,26,2,1,6.00,30,109,1,90.3,21.3,37,9.2,44.5,6.7,R,66.9,93.4,22.5,84.3,
Greene, Conner,641632,2021,24,32,1,26,12,21.5,9.9,.308,.423,.388,.812,20,1,3,7.11,13,66,0,89.5,14.8,36.3,5,33.8,8.3,R,48.1,95.9,8.9,84.8,
Hendrix, Ryan,641682,2021,36,33,8,35,16,24.6,11.3,.268,.528,.352,.881,21,5,1,5.97,25,86,2,91.8,13.7,41.1,11.1,44.4,6.7,R,44.8,96.3,,,
Jimenez, Joe,641729,2021,52,34,6,57,35,27.1,16.7,.206,.388,.367,.755,30,6,1,5.96,26,116,3,89.2,22.6,26.4,7.3,33.6,8.3,R,54,94.7,13,90,
Kay, Anthony,641743,2021,11,38,7,39,18,25.0,11.5,.281,.519,.378,.897,21,1,2,5.61,20,88,1,86.7,7.3,46.9,8.3,33.3,7.7,L,69.2,93.5,11.4,86.2,
Keller, Brad,641745,2021,26,158,18,120,64,19.6,10.4,.297,.457,.374,.830,80,8,12,5.39,80,383,9,90,7.9,37,10.9,45,7.1,R,58.9,93.9,6.3,90,
Kinley, Tyler,641755,2021,70,59,12,68,26,23.1,8.8,.223,.424,.295,.719,37,3,2,4.73,51,153,0,89.2,18,32.7,6.5,35.7,8.3,R,43.2,95.9,4,87.4,
Kuhl, Chad,641771,2021,28,73,13,75,42,21.5,12.0,.252,.445,.355,.800,43,5,7,4.82,45,242,7,88.6,11.5,32.3,7.2,37.2,8.4,R,38.4,94.2,4.3,88.3,
Lauer, Eric,641778,2021,24,94,16,117,41,23.9,8.4,.215,.356,.280,.636,42,7,5,3.19,45,306,4,89.8,18.2,37.1,8.2,37.1,8.1,L,62.1,91.9,11.3,86.6,
Littell, Zack,641793,2021,63,46,7,63,24,25.0,9.5,.207,.374,.286,.660,20,4,0,2.92,28,128,4,90.4,12,29.4,8,46,7.7,R,57.8,94.9,5,86.4,
Mahle, Tyler,641816,2021,33,158,24,210,64,27.7,8.4,.234,.396,.306,.702,75,13,6,3.75,67,570,3,88,13.1,32.2,6.3,34.9,5.9,R,57.5,93.5,15.5,86.4,
Mayza, Tim,641835,2021,61,40,5,57,12,27.1,5.7,.206,.309,.262,.571,20,5,2,3.40,24,152,1,86,2.6,25.4,3.6,32.6,7.6,L,71.2,94,,,
McGowin, Kyle,641851,2021,27,21,5,35,14,27.3,10.9,.188,.357,.289,.646,14,0,0,4.20,15,88,0,85.8,20.2,31.2,6.5,32.5,7.2,R,31.3,91,,,
Middleton, Keynan,641871,2021,32,30,2,24,19,17.1,13.6,.252,.370,.364,.734,17,1,2,4.94,18,61,3,88.9,18.1,37.9,9.5,31.6,7.4,R,57.7,95.4,12.1,87.7,
Murphy, Patrick,641907,2021,25,31,3,29,10,22.7,7.8,.272,.412,.352,.764,16,0,3,5.14,15,74,2,90.6,6.9,36.5,7.1,45.9,9.7,R,65.6,96.6,1.4,90.3,
Ober, Bailey,641927,2021,20,92,20,96,19,25.3,5.0,.258,.489,.296,.784,43,3,3,4.19,41,249,2,89.1,19.7,36.1,9.5,42.2,7.9,R,58,92.3,13,84.7,
Pagan, Emilio,641941,2021,67,56,16,69,18,26.2,6.8,.231,.512,.289,.801,34,4,3,4.83,37,142,1,90.4,26.5,42,13.8,45.4,7.2,R,98.9,91.7,1.1,86.9,
Rogers, Josh,642028,2021,6,32,7,22,14,14.6,9.3,.241,.436,.318,.754,13,2,2,3.28,13,84,0,89.6,17.8,38.9,9.7,42.5,6.9,L,51.4,90.5,12.9,82.3,
Saucedo, Tayler,642048,2021,29,22,1,19,10,17.4,9.2,.229,.354,.312,.666,13,0,0,4.56,13,55,1,87.9,3.4,26.9,5.1,35.9,6.3,L,56.5,93.7,10.4,87.1,
Sheffield, Jordan,642068,2021,30,19,2,20,13,17.2,11.2,.190,.270,.293,.563,11,0,0,3.38,9,69,0,88.6,13.9,24.7,6.2,38.3,7.7,R,64.7,96.3,16.9,90.1,
Slegers, Aaron,642083,2021,29,43,6,25,15,16.8,10.1,.326,.545,.396,.941,24,2,2,6.97,30,88,0,88.3,5,25.9,6.5,40.7,7.2,R,57.5,91.7,9.1,87,
Smith, Riley,642092,2021,24,86,10,36,15,12.0,5.0,.308,.523,.349,.872,45,1,4,6.01,46,198,1,89.3,10,38.6,7.3,41.1,8.2,R,67.8,91.6,17,86.5,
Sulser, Cole,642121,2021,60,48,5,73,23,28.4,8.9,.207,.319,.276,.595,19,5,4,2.70,23,155,1,88.1,14.9,29.2,8.1,39.8,6.9,R,51.1,93.2,33.2,84,
Taylor, Blake,642130,2021,51,38,6,41,22,21.8,11.7,.233,.399,.319,.718,15,4,4,3.16,24,110,4,84.5,16.7,32,7.2,28.8,5.9,L,72.5,93.1,,,
Trivino, Lou,642152,2021,71,58,5,67,34,21.6,11.0,.216,.310,.310,.619,26,7,8,3.18,22,185,6,87.4,9.8,31.4,7.8,33.8,6.5,R,76.1,95.2,12.4,87.3,
Widener, Taylor,642203,2021,23,65,14,73,37,22.9,11.6,.241,.456,.342,.797,34,2,1,4.35,35,198,4,89.9,17.8,38.6,9.4,45,8,R,66.5,92.6,16,85.6,
Williams, Devin,642207,2021,58,36,5,87,28,38.5,12.4,.186,.294,.292,.586,15,8,2,2.50,18,162,2,85.7,11.4,33,5.5,28.4,6.4,R,36.2,94.8,63.8,83.7,
Yarbrough, Ryan,642232,2021,30,163,25,117,27,17.9,4.1,.267,.457,.305,.762,88,9,7,5.11,90,444,8,84.8,17.3,37.6,7.8,28.2,6.2,L,53.9,83,28,78.4,
Soto, Gregory,642397,2021,62,46,7,76,40,27.5,14.5,.198,.319,.315,.634,24,6,3,3.39,31,198,6,89.1,11.1,26.4,6.9,35.8,8,L,62.4,98.2,,,
Loaisiga, Jonathan,642528,2021,57,56,3,69,16,24.4,5.7,.215,.281,.265,.546,17,9,4,2.17,20,162,2,84,1.5,20.5,3.1,24.1,8.5,R,58.8,98.3,18.4,90,
Barria, Jaime,642545,2021,13,70,8,35,19,14.0,7.6,.307,.474,.364,.838,29,2,4,4.61,29,149,0,90,14.2,36.6,6.2,41.8,6.8,R,55.2,93,8.4,85.8,
Peralta, Freddy,642547,2021,28,84,14,195,56,33.6,9.7,.165,.300,.260,.560,45,10,5,2.81,45,396,2,86.6,21.4,33.3,6,31.8,7.9,R,53,93.4,9.7,88,
Santana, Dennis,642701,2021,55,48,4,46,32,19.4,13.5,.240,.340,.350,.690,26,2,4,4.28,29,137,5,87.8,9,34.6,5.8,35.5,5.2,R,48.7,95.4,20.6,87.5,
Brault, Steven,643230,2021,7,33,3,19,12,15.0,9.4,.292,.504,.362,.867,18,0,3,5.86,18,72,0,89.1,10.5,30.5,9.5,44.2,6.8,L,53.4,90.7,21.5,83.8,
Cimber, Adam,643256,2021,72,61,2,51,16,17.8,5.6,.234,.310,.294,.604,18,3,4,2.26,27,165,6,87.9,6.4,27.4,3.8,38.2,9.5,R,67.9,87,,,
Dunn, Justin,643290,2021,11,37,6,49,29,22.5,13.3,.201,.332,.321,.653,21,1,3,3.75,18,137,0,89.4,20,33.1,8.8,37.5,8.3,R,51.7,93.7,1.3,89.5,
Fry, Paul,643316,2021,52,37,3,60,35,27.9,16.3,.213,.282,.353,.635,32,4,5,6.08,22,166,2,88.4,11,27.6,6,34.5,7.3,L,54.5,92.8,0.6,91.3,
Green, Chad,643338,2021,67,57,14,99,17,31.4,5.4,.193,.386,.235,.621,29,10,7,3.12,37,189,3,89.1,24.9,30.7,11.1,43.7,7.6,R,65.5,95.7,,,
Jax, Griffin,643377,2021,18,82,23,65,29,18.1,8.1,.256,.538,.322,.860,58,4,5,6.37,61,222,4,90.8,19.8,33,12.6,43.7,8.8,R,45.9,92.6,14,85.6,
Rogers, Tyler,643511,2021,80,74,5,55,13,16.9,4.0,.243,.328,.282,.610,20,7,1,2.22,24,214,3,85.4,4.6,22.5,2,32,9.4,R,57.2,82.7,,,
Alcantara, Sandy,645261,2021,33,171,21,201,50,24.0,6.0,.223,.365,.276,.641,73,9,15,3.19,75,451,12,87.6,4.5,29.9,6.1,39.4,7.9,R,49.8,97.8,23.5,91.8,
Pop, Zach,647315,2021,50,54,3,51,24,20.7,9.8,.254,.362,.350,.711,25,1,0,4.12,35,142,4,86.1,3.7,24.5,6.1,33.1,6.9,R,67.7,95.4,,,
Wells, Alex,649144,2021,11,53,10,26,16,13.2,8.1,.299,.520,.365,.885,32,2,3,6.75,30,153,0,89.6,18.4,36.8,8.6,47.4,8.8,L,50.8,88.5,13.8,83.2,
Hernandez, Darwinzon,650382,2021,48,29,5,54,31,29.7,17.0,.203,.343,.357,.700,15,2,2,3.38,20,146,2,88.2,10.9,34.8,5.4,38,7.4,L,74,94.8,,,
Mejia, J.C.,650496,2021,17,60,13,47,24,19.7,10.1,.286,.538,.366,.904,48,1,7,8.25,42,159,0,91,8,31.1,8.5,45.7,7.2,R,58.2,92.7,11.5,87.6,
Garcia, Bryan,650530,2021,39,48,10,32,25,16.7,13.0,.294,.552,.391,.943,33,3,2,7.55,33,96,5,92.4,15.3,34.6,15,49.6,8.3,R,55.8,94,17.8,85.8,
Abreu, Bryan,650556,2021,31,35,4,36,18,22.4,11.2,.254,.406,.348,.754,23,3,3,5.75,28,95,3,89.7,11.7,31.7,6.7,40.4,6.4,R,45.3,95.7,,,
King, Michael,650633,2021,22,57,6,62,24,22.5,8.7,.236,.355,.316,.672,25,2,4,3.55,23,181,4,88.7,7.6,35.2,7.7,43.4,8.8,R,77.2,92.8,12.5,84.9,
Civale, Aaron,650644,2021,21,108,23,99,31,19.9,6.2,.236,.443,.287,.730,53,12,5,3.84,51,313,3,88.3,12.1,33.8,8.2,39.3,7,R,57.9,89.9,13.8,85.6,
Mejia, Humberto,650668,2021,5,32,5,20,9,19.0,8.6,.340,.702,.390,1.093,18,0,3,7.25,17,56,1,90,17.1,42.1,7.9,34.2,6.7,R,63.2,91.9,15.9,85,
Quijada, Jose,650671,2021,26,20,2,38,15,34.5,13.6,.213,.330,.327,.657,13,0,2,4.56,11,82,1,86,14.4,33.9,10.7,48.2,6.8,L,73.3,93.6,13.6,86.4,
Santana, Edgar,650828,2021,41,37,7,33,12,18.9,6.9,.228,.383,.280,.663,17,3,0,3.59,20,98,3,88.1,7.8,26.2,6.2,39.2,8,R,64.9,94.3,,,
Cabrera, Genesis,650893,2021,71,52,3,77,36,26.0,12.2,.209,.309,.314,.623,29,4,5,3.73,40,176,2,88.3,13.2,28.7,5.6,34.8,6.9,L,64.4,97.7,16.8,89.8,
Castillo, Diego,650895,2021,61,40,9,75,17,32.2,7.3,.194,.354,.266,.620,18,5,5,2.78,25,162,5,88.6,10.3,25.7,7.4,38.6,6.6,R,33.7,94.7,,,
Diplan, Marcos,650959,2021,23,22,6,24,15,19.5,12.2,.206,.411,.301,.712,15,2,0,4.50,22,79,1,90.4,15.7,33.3,8.3,39.3,7.8,R,62.3,93.7,10.5,86,
Abreu, Albert,656061,2021,28,27,8,35,19,22.4,12.2,.206,.435,.314,.749,21,2,0,5.15,25,108,0,83.8,9.3,37.4,8.1,29.3,5.8,R,49.1,97.9,15.9,88.2,
Barnes, Charlie,656212,2021,9,46,4,20,16,11.4,9.1,.303,.454,.377,.831,25,0,3,5.92,25,106,2,90.5,16.1,37,6.7,40,7.9,L,44.1,89.8,29.2,79.3,
Bielak, Brandon,656232,2021,28,48,5,46,21,21.1,9.6,.254,.381,.330,.711,25,3,4,4.50,28,138,4,87.2,10.4,33.8,4.7,34.5,8.7,R,61.5,93.4,11.4,88.2,
Canning, Griffin,656288,2021,14,65,14,62,28,22.4,10.1,.264,.500,.339,.839,39,5,4,5.60,38,141,2,89.6,16.8,32.4,9.2,39.5,7.6,R,40.8,93.5,21.2,89.1,
Cease, Dylan,656302,2021,32,139,20,226,68,31.9,9.6,.223,.364,.305,.669,72,13,7,3.91,70,458,5,89.2,18.5,37,9.9,38.8,6.8,R,46.8,96.7,7.4,78.1,
Coonrod, Sam,656322,2021,42,41,5,48,15,25.9,8.1,.247,.373,.319,.692,19,2,2,4.04,23,113,2,86.4,4.1,27.7,6.7,37,6.7,R,73.3,98,8.1,90.4,
Davis, Austin,656354,2021,29,24,4,28,12,23.9,10.3,.235,.431,.316,.748,15,1,2,5.13,18,78,2,85.2,14.4,39.5,9.2,35.5,7.8,L,52,93.6,9.9,84.2,
Feyereisen, J.P.,656420,2021,55,36,5,53,33,22.6,14.1,.183,.320,.295,.615,17,4,4,2.73,23,123,6,89,19.4,29.7,8.1,39.9,5.3,R,51.6,93.1,20.1,87.6,
Flaherty, Jack,656427,2021,17,57,12,85,26,26.4,8.1,.199,.364,.276,.640,28,9,2,3.22,30,224,7,89.8,13.4,38,9.3,41.5,6.9,R,56.8,93.3,1.8,84.5,
Gilbert, Tyler,656457,2021,9,28,4,25,13,15.9,8.3,.200,.343,.268,.610,14,2,2,3.15,16,87,3,88.9,17.4,25.4,6.8,33.9,8,L,86,87.9,6.3,80.1,
Gilbreath, Lucas,656458,2021,47,33,5,44,23,23.8,12.4,.208,.327,.308,.635,16,3,2,3.38,17,113,2,84.2,13.6,28.2,4.3,23.1,7.1,L,63.1,93.3,1.6,84.4,
Ginkel, Kevin,656464,2021,32,30,7,31,14,24.0,10.9,.268,.545,.357,.901,20,0,1,6.35,24,82,4,86.4,15.7,41.5,13.4,36.6,6.5,R,59.4,94.7,0.4,84.8,
Hentges, Sam,656529,2021,30,90,10,68,32,21.4,10.1,.318,.491,.384,.875,51,1,4,6.68,51,185,3,89.1,10.9,33.9,9.6,42.7,6,L,50.7,94.3,0.5,88.4,
Hoffman, Jeff,656546,2021,31,70,12,79,45,23.6,13.4,.248,.436,.358,.794,37,3,5,4.56,38,212,4,89,15.4,35.9,7.3,39.8,7.1,R,56,94.3,12.1,85.9,
Holloway, Jordan,656548,2021,13,23,3,36,26,22.8,16.5,.177,.315,.310,.626,16,2,3,4.00,15,128,3,88.5,15.2,31.3,8.3,31.3,6.6,R,45.6,95.5,2.7,90.4,
Houck, Tanner,656557,2021,18,57,4,87,21,30.5,7.4,.223,.313,.295,.607,27,1,5,3.52,24,195,5,87.2,10,31,8.2,35.1,7.6,R,55.5,94.1,7.4,85.8,
Keller, Mitch,656605,2021,23,131,10,92,49,19.6,10.4,.322,.477,.398,.875,69,5,11,6.17,63,300,0,91.5,11.5,40.1,6.8,47.5,7.3,R,56.7,93.8,4.7,89.8,
Kopech, Michael,656629,2021,44,54,9,103,24,36.1,8.4,.210,.374,.277,.651,27,4,3,3.50,25,218,0,88.3,18.6,31.2,8.9,35.7,7.6,R,64.4,97.3,2.6,89.7,
Lange, Alex,656638,2021,36,37,5,39,16,24.1,9.9,.259,.420,.346,.765,16,1,3,4.04,25,91,2,93.9,11.5,35.6,13.5,52.9,6.7,R,45.4,96.4,15.2,89,
Martin, Brett,656685,2021,66,67,5,42,14,15.9,5.3,.272,.374,.307,.681,22,4,4,3.18,37,141,9,88,5.9,26.9,3.4,33.7,8.3,L,54.4,93.3,,,
Megill, Trevor,656730,2021,28,36,7,30,8,26.1,7.0,.343,.619,.391,1.010,22,1,2,8.37,24,74,2,91.4,16,34.2,10.5,47.9,8.4,R,66.8,96.4,,,
Megill, Tylor,656731,2021,18,88,19,99,27,26.1,7.1,.255,.467,.309,.775,45,4,6,4.52,45,228,1,89.7,13.7,30.4,10,42,8,R,57.6,94.6,20.9,85.4,
Montgomery, Jordan,656756,2021,30,150,19,162,51,24.5,7.7,.250,.380,.307,.687,67,6,7,3.83,66,379,6,87.9,12.1,35.4,7.4,36.5,6.6,L,52,91.1,24.4,82.5,
Newcomb, Sean,656794,2021,32,28,1,43,27,28.7,18.0,.235,.336,.380,.716,17,2,0,4.73,21,92,0,87.1,10.4,34.6,2.6,34.6,6.5,L,83.5,93.1,0.9,89.8,
Peterson, David,656849,2021,15,64,11,69,29,24.0,10.1,.255,.454,.341,.796,41,2,6,5.54,35,183,3,90.4,10.3,38,9.8,42.9,7.2,L,58.6,92.5,16.3,83.9,
Rasmussen, Drew,656876,2021,35,57,5,73,25,23.8,8.1,.204,.307,.267,.574,24,4,1,2.84,26,216,3,91.4,8.8,30.1,5.7,50.2,7.8,R,65.2,97,2.1,90.1,
Scott, Tanner,656945,2021,62,48,6,70,37,27.9,14.7,.234,.351,.363,.714,31,5,4,5.17,36,161,3,90.1,5.3,33.3,5.1,35.5,5.7,L,48.4,96.7,,,
Sheffield, Justus,656954,2021,21,105,14,63,43,16.4,11.2,.316,.515,.397,.912,61,7,8,6.83,62,246,8,92.9,10.2,32.1,11.7,47.1,8,L,47.1,92.3,20.8,85.8,
Steele, Justin,657006,2021,20,50,12,59,27,23.8,10.9,.233,.437,.331,.768,27,4,4,4.26,27,167,2,87.9,8.3,29.3,5.7,35,8.2,L,65.9,93.1,2.1,87.5,
Swanson, Erik,657024,2021,33,28,5,35,10,24.3,6.9,.212,.402,.271,.672,13,0,3,3.31,16,67,5,87.7,22,30.6,8.2,30.6,9,R,59.9,94.7,21.1,83.6,
Taylor, Josh,657031,2021,61,45,2,60,23,28.7,11.0,.246,.322,.340,.662,18,1,0,3.40,23,111,0,88.5,12,37.4,8.9,44.7,7.2,L,48.8,94.5,,,
Thompson, Ryan,657044,2021,36,26,3,37,9,27.6,6.7,.211,.366,.276,.642,9,3,2,2.38,15,95,2,86.1,7.2,33.7,10.5,36,10.8,R,60.7,90.2,1.2,81.5,
Toussaint, Touki,657053,2021,11,43,11,48,22,22.2,10.2,.234,.446,.329,.774,25,3,3,4.50,27,148,3,91.8,11.3,30,9.3,48.6,8,R,51.6,92.8,21.2,87.2,
Watkins, Spenser,657093,2021,16,74,14,35,19,13.7,7.5,.322,.596,.373,.968,49,2,7,8.07,49,151,1,90.7,17.1,38.2,11.1,38.2,6.1,R,77.5,89.2,6,85.6,
Webb, Jacob,657097,2021,34,38,4,33,14,21.6,9.2,.279,.441,.346,.788,16,5,4,4.19,27,73,6,87.4,14.2,40,7.6,29.5,5.6,R,44.5,94.1,46.1,83.6,
Otto Jr., Glenn,657248,2021,6,32,2,28,8,25.2,7.2,.320,.490,.378,.868,24,0,3,9.26,22,84,0,88.8,9.8,41.1,8.2,37,10.9,R,48.9,92.6,6,87.1,
Webb, Logan,657277,2021,27,128,9,158,36,26.5,6.0,.234,.332,.289,.620,50,11,3,3.03,48,410,3,88.1,-0.5,28.2,5.6,38.8,6.5,R,48.7,92.8,23.6,86.2,
Hill, Tim,657612,2021,78,51,9,56,23,22.0,9.0,.230,.387,.314,.701,24,6,6,3.62,35,167,10,87.4,2.8,22.9,7.6,38.8,9.5,L,84.3,91.6,0.2,86.1,
Ryan, Joe,657746,2021,5,16,4,30,5,30.0,5.0,.168,.347,.210,.557,12,2,1,4.05,12,72,0,87.1,24.6,32.3,10.8,30.8,8,R,65.8,91.2,10.4,83.3,
Lamet, Dinelson,659275,2021,22,48,6,57,22,27.3,10.5,.262,.415,.344,.760,23,2,4,4.40,19,129,1,86.9,16.1,36.7,10.9,35.2,6,R,47.7,95.5,1.7,91.4,
Ohtani, Shohei,660271,2021,23,98,15,156,44,29.3,8.3,.207,.351,.285,.636,46,9,2,3.18,36,323,2,88.4,11.7,31.9,7.1,39.9,9.2,R,56.2,93.7,18.3,88.2,
Yang, Hyeon-Jong,660365,2021,12,42,9,25,16,15.6,10.0,.296,.535,.369,.904,22,0,3,5.60,25,82,2,89.7,13.6,38.1,14.4,42.4,6.6,L,45.8,89.9,27.4,81.4,
Diaz, Yennsy,660546,2021,20,25,5,21,12,18.8,10.7,.255,.449,.339,.788,15,0,2,5.40,15,72,1,89.8,20.5,25.6,6.4,39.7,6.5,R,64.2,95.4,28.2,89.9,
Ynoa, Huascar,660623,2021,18,76,14,100,25,26.9,6.7,.224,.418,.282,.700,41,4,6,4.05,40,258,1,90.7,7.7,34.2,9.1,43.6,6.4,R,45.1,96.5,6.6,88.5,
Suarez, Jose,660761,2021,23,85,11,85,36,20.6,8.7,.230,.382,.303,.685,41,8,8,3.75,39,270,4,87.4,9.9,31.6,6.3,35.1,5.9,L,47.7,92.6,28.6,82.3,
Graterol, Brusdar,660813,2021,34,34,2,27,13,18.0,8.7,.260,.389,.347,.736,17,3,0,4.59,13,93,1,85.9,-1.1,28.8,2.9,33.7,10.7,R,69,99.4,,,
De Los Santos, Enyel,660853,2021,33,43,8,48,18,27.7,10.4,.291,.534,.376,.910,25,2,1,6.37,33,88,7,88.9,17.6,31.1,13.6,40.8,9.2,R,68.4,94.8,11,87.4,
Alcala, Jorge,660896,2021,59,45,10,61,13,26.6,5.7,.214,.381,.262,.643,26,3,6,3.92,28,125,3,86.9,11.7,30.7,9.2,37.3,7.8,R,43.3,97.4,16,90.1,
Gutierrez, Vladimir,661269,2021,22,115,20,88,46,17.7,9.3,.263,.469,.333,.802,60,9,6,4.74,54,309,1,88.9,13.7,28,8.4,38.7,6.8,R,47.4,93.2,12.2,81.4,
Clase, Emmanuel,661403,2021,71,51,2,74,16,26.5,5.7,.195,.240,.240,.481,10,4,5,1.29,13,141,8,86.4,-0.2,20.1,1.6,29.6,6.6,R,70.2,100.2,,,
Gil, Luis,661563,2021,6,20,4,38,19,29.5,14.7,.183,.303,.310,.613,10,1,1,3.07,6,77,1,89.8,23,35.2,7,39.4,6.2,R,53.4,96.1,7.3,92.3,
Thornton, Trent,663423,2021,37,54,12,52,16,24.1,7.4,.278,.536,.343,.879,26,1,3,4.78,26,146,7,90.4,14.1,34.7,11.8,47.2,7.1,R,60.7,92.5,6.3,84.3,
Rainey, Tanner,663432,2021,38,29,6,42,25,27.8,16.6,.238,.459,.377,.836,26,1,3,7.39,27,91,1,91.9,23.4,34.6,12.3,46.9,7.5,R,64.7,96.3,0.2,87.6,
Bubic, Kris,663460,2021,29,121,22,114,59,20.5,10.6,.248,.444,.336,.780,64,6,7,4.43,61,382,3,88.8,9.1,34.8,9,39.6,7.3,L,52,90.9,30.8,80,
Allard, Kolby,663465,2021,32,128,29,104,31,19.5,5.8,.258,.474,.305,.779,75,3,12,5.41,76,349,5,89.8,15.2,34.7,10.6,39,8.8,L,72.1,89.7,16.8,83.6,
McKenzie, Triston,663474,2021,25,84,21,136,58,27.5,11.7,.194,.383,.293,.676,66,5,9,4.95,56,291,0,90.3,21.6,36.2,9.7,42.3,6.7,R,61.6,92.1,1.3,86,
Allen, Logan,663531,2021,14,58,12,37,17,16.7,7.7,.291,.518,.356,.873,35,2,7,6.26,31,143,4,90.2,8.8,35.4,10.4,45.1,6.5,L,43.8,92.6,16.1,83.3,
Mize, Casey,663554,2021,30,130,24,118,41,19.3,6.7,.234,.418,.297,.715,62,7,9,3.71,60,411,2,89.1,9.3,33,10,40,9.2,R,52,93.6,13.2,85.8,
McClanahan, Shane,663556,2021,25,120,14,141,37,27.3,7.2,.252,.389,.308,.696,47,10,6,3.43,43,325,2,91.7,8.5,36.8,10.7,45.7,7.3,L,40.9,96.4,8,89.2,
Falter, Bailey,663559,2021,22,34,5,34,6,24.5,4.3,.262,.423,.302,.725,21,2,1,5.61,21,97,0,88.6,15.5,33,6.2,35.8,7.9,L,67.9,91.8,6,83.7,
Santillan, Tony,663574,2021,26,34,7,56,21,29.5,11.1,.217,.401,.326,.728,14,1,3,2.91,17,137,1,89.1,17.9,34,7.5,37.7,6.7,R,47,95,6.4,88.8,
Neidert, Nick,663734,2021,8,31,4,21,23,13.4,14.6,.246,.405,.376,.781,18,1,2,4.54,17,95,0,88.9,17.9,33.3,8.3,36.1,7.5,R,47.2,91.7,12,83.3,
Lynch, Daniel,663738,2021,15,80,9,55,31,17.7,10.0,.295,.465,.370,.835,43,4,6,5.69,37,171,3,90.7,14.5,33.5,10.4,44.3,7.4,L,52.3,93.7,16.3,84.7,
Knehr, Reiss,663753,2021,12,23,2,20,20,15.5,15.5,.221,.365,.349,.714,16,1,2,4.97,15,67,0,91.4,16,27.6,8,50,9.1,R,70.2,92.5,22.3,88.9,
Woodford, Jake,663765,2021,26,66,7,50,25,17.1,8.5,.261,.403,.338,.741,30,3,4,3.99,43,198,2,90.3,13.2,32.4,5.7,41,8.7,R,59.2,91.7,5.8,85,
Evans, Demarcus,663770,2021,25,24,4,33,16,27.5,13.3,.238,.416,.342,.758,15,0,2,5.13,19,69,1,89.5,27.6,41.4,4.3,30,5.7,R,85.2,89.5,,,
Sandoval, Patrick,663776,2021,17,69,11,94,36,25.9,9.9,.215,.349,.300,.649,35,3,6,3.62,28,229,3,85.4,6.3,29.3,6.1,35.4,6.4,L,43.1,93.3,29.6,84.6,
Kowar, Jackson,663804,2021,9,43,7,29,20,18.8,13.0,.336,.586,.422,1.008,38,0,6,11.27,37,98,0,92.8,14.6,42.7,11.7,52.4,7.6,R,55.3,95.6,30.4,86.2,
Singer, Brady,663903,2021,27,146,14,131,53,22.4,9.0,.281,.414,.358,.773,70,5,10,4.91,71,457,11,88.5,7,32.7,5.6,37.6,7.7,R,58,93.7,3.8,88,
Paddack, Chris,663978,2021,23,115,15,99,22,21.6,4.8,.269,.445,.301,.746,61,7,7,5.07,58,302,6,90.5,10.7,34.4,8.6,42.7,9.1,R,61.5,94.8,26.2,85.2,
Stephan, Trevor,663986,2021,43,58,15,75,31,26.6,11.0,.235,.470,.326,.796,31,3,1,4.41,35,179,1,89.7,16.5,40.5,15.6,42.8,7.2,R,59.8,96.2,8.1,86.9,
Lakins Sr., Travis,664042,2021,24,23,4,24,17,19.5,13.8,.221,.356,.333,.689,18,1,4,5.79,14,85,2,89.2,14,35.8,7.4,32.1,8.2,R,75,92.3,6.2,87.9,
Eshelman, Thomas,664045,2021,9,34,6,11,10,8.7,7.9,.298,.535,.357,.892,22,0,3,7.16,20,84,0,88.6,19,31.7,8.7,33.7,9.1,R,48.5,86.5,14.3,81.3,
Gonsolin, Tony,664062,2021,15,41,8,65,34,27.2,14.2,.202,.369,.314,.683,20,4,1,3.23,19,156,0,88.2,16.7,34.3,7.1,35,8.4,R,43.6,93.8,21.7,83.3,
Ponce, Cody,664074,2021,15,56,8,36,11,20.1,6.1,.344,.613,.380,.993,30,0,6,7.04,35,127,4,88.3,11.6,38.9,10.7,38.2,7.6,R,61,92,8.1,86.2,
Poppen, Sean,664092,2021,24,31,2,26,9,23.6,8.2,.316,.469,.391,.860,13,1,1,5.16,18,94,5,89.6,7.2,38.9,6.9,48.6,6.9,R,52.7,94.3,9.4,86.2,
Fairbanks, Pete,664126,2021,47,40,2,56,21,29.6,11.1,.241,.331,.328,.659,17,3,6,3.59,15,135,5,87.9,12.5,32.4,7.2,31.5,7.2,R,57.9,97.1,,,
Brubaker, JT,664141,2021,24,123,28,129,38,24.0,7.1,.254,.480,.316,.796,74,5,13,5.36,70,323,1,88.9,12.6,33.4,8.8,38.7,6.8,R,49.1,93.1,6.3,87.2,
Lucchesi, Joey,664192,2021,11,34,4,41,11,26.1,7.0,.245,.417,.299,.717,19,1,4,4.46,18,115,1,90.5,16.5,34.3,8.8,40.2,8.5,L,63.3,91,0.2,81.5,
Clarke, Taylor,664199,2021,43,52,4,39,14,20.1,7.2,.291,.436,.340,.776,24,1,3,4.98,20,97,4,91.9,15.8,35.5,7.8,43.3,5.2,R,53.4,95.5,15.6,89.3,
Maton III, Phil,664208,2021,65,65,6,85,32,28.6,10.8,.256,.425,.347,.772,35,6,0,4.73,46,181,1,88,12.9,37.4,7.5,32.8,7.7,R,56.5,91.1,,,
Valdez, Framber,664285,2021,22,110,12,125,58,21.9,10.1,.220,.327,.313,.640,47,11,6,3.14,44,388,5,90.8,-5.5,21.4,5.8,44.4,6.7,L,57.1,92.4,12.1,87.5,
Javier, Cristian,664299,2021,36,67,16,130,53,30.7,12.5,.186,.355,.300,.654,40,4,1,3.55,41,261,1,90.6,22.5,36.8,9.8,43.2,6.5,R,59.4,93.5,5.9,86.6,
Urquidy, Jose,664353,2021,20,87,17,90,19,21.3,4.5,.218,.406,.255,.661,43,8,3,3.62,42,270,0,88.6,20.6,35.6,9.3,35.9,9.6,R,54.9,92.5,18.2,84.4,
Cousins, Jake,664776,2021,30,16,3,44,19,35.2,15.2,.158,.267,.312,.579,9,1,0,2.70,8,108,0,86.9,12.3,27.6,6.9,41.4,7.1,R,37.5,95.5,1.5,88.2,
Helsley, Ryan,664854,2021,51,40,4,47,27,22.8,13.1,.227,.341,.325,.666,24,6,4,4.56,19,120,0,90.9,12.5,32.6,8.3,43.2,8,R,55.8,97.4,2.7,87.4,
Keller, Kyle,664918,2021,32,30,9,36,22,23.2,14.2,.234,.500,.368,.868,24,1,1,6.48,25,105,3,90.2,23,33.7,14.1,35.9,7.3,R,55.7,94.5,,,
Misiewicz, Anthony,664948,2021,66,61,7,53,15,22.5,6.4,.280,.431,.326,.757,28,5,5,4.61,25,127,2,90.7,13.1,29.9,7.8,44.9,8.5,L,68.7,91.6,,,
Kremer, Dean,665152,2021,13,63,17,47,25,19.2,10.2,.292,.588,.363,.951,45,0,7,7.55,38,152,1,93.1,21.2,39.5,14,45.3,8,R,76.7,91.1,7.5,82.9,
Cabrera, Edward,665795,2021,7,24,6,28,19,23.3,15.8,.247,.505,.392,.897,17,0,3,5.81,17,69,3,90.3,8.5,42,11.6,47.8,6.4,R,38.6,96.7,23.7,92.1,
Oviedo, Luis,665854,2021,22,33,4,31,26,21.1,17.7,.282,.470,.415,.885,29,1,2,8.80,27,96,3,89.4,10.5,37.5,9.1,42,5.9,R,50.5,94.3,6.2,85.3,
Anderson, Ian,666120,2021,24,105,16,124,53,23.2,9.9,.221,.371,.297,.668,51,9,5,3.58,47,332,0,88.3,6.4,29.4,9.5,38.7,7.6,R,47.4,94.6,31.4,88.1,
Garrett, Braxton,666129,2021,8,42,3,32,20,20.1,12.6,.318,.447,.403,.849,19,1,2,5.03,15,106,1,89,12.3,39,6.7,39,7.1,L,49,89.9,11.9,84.5,
Manning, Matt,666159,2021,18,96,10,57,33,14.8,8.6,.279,.445,.343,.788,55,4,7,5.80,52,247,4,91.4,11.8,32,7.9,42.3,9,R,60.8,93.6,12.7,87.5,
Thompson, Mason,666168,2021,31,32,4,23,15,19.0,12.4,.311,.476,.397,.872,11,1,3,4.01,15,69,4,86.6,9.1,25.6,6.1,42.7,9.9,R,85.1,96.2,1.2,86.8,
Luzardo, Jesus,666200,2021,25,106,20,98,48,22.4,11.0,.280,.524,.362,.885,70,6,9,6.61,60,245,3,89.5,14.3,35.9,10.1,39,6,L,51.1,95.5,20.2,86.6,
Manoah, Alek,666201,2021,20,77,12,127,40,27.7,8.7,.192,.314,.290,.604,40,9,2,3.22,41,287,4,86.8,16.3,32.6,5.8,31.2,7.3,R,62.9,93.3,9.4,86.8,
Muller, Kyle,666205,2021,9,26,2,37,20,23.9,12.9,.202,.295,.310,.604,17,2,4,4.17,13,107,0,91.1,16,38.5,7.3,42.7,7.7,L,42.4,93.4,1.9,88,
Doval, Camilo,666808,2021,29,19,4,37,9,33.9,8.3,.192,.333,.266,.599,9,5,1,3.00,10,89,1,87.5,9.6,32.3,8.1,33.9,8.8,R,41.6,98.6,,,
Nance, Tommy,667297,2021,27,25,5,30,13,23.6,10.2,.227,.418,.323,.741,23,1,1,7.22,22,100,0,88.1,1.9,29.6,7.4,42,8.1,R,62.1,95.3,,,
Sanchez, Miguel,667376,2021,28,27,4,23,14,19.2,11.7,.267,.446,.358,.804,12,2,1,4.15,14,47,2,89.6,11.3,40.7,8.6,38.3,6,R,37.9,94.2,51.3,89.1,
King, John,667463,2021,27,41,3,40,12,20.7,6.2,.233,.330,.295,.625,18,7,5,3.52,18,114,6,88.5,-0.9,30.7,3.6,39.4,5.6,L,67.5,91.5,18.8,78.4,
Dugger, Robert,667498,2021,12,34,4,19,12,15.7,9.9,.324,.533,.388,.922,21,0,2,7.36,25,85,3,91.2,16.2,38.6,5.7,40.9,6.3,R,42.5,91.3,3.9,82.6,
Plesac, Zach,668676,2021,25,137,23,100,34,16.7,5.7,.248,.437,.298,.734,74,10,6,4.67,69,332,5,90.6,12.1,32.2,9.4,43.4,8.2,R,41.7,92.8,24.3,85.7,
Gallen, Zac,668678,2021,23,108,19,139,49,26.6,9.4,.233,.413,.310,.722,58,4,10,4.30,59,376,3,89.2,12.3,32.7,7.9,43,5.2,R,62.4,93,16.7,86.1,
Kranick, Max,668820,2021,9,47,4,32,19,17.6,10.4,.301,.468,.385,.853,27,2,3,6.28,24,75,1,88.2,21.4,36.2,2.4,33.9,8.2,R,48.5,94.2,7.4,87.4,
Wilson, Bryse,669060,2021,16,85,15,46,22,14.3,6.8,.290,.505,.335,.841,44,3,7,5.35,37,174,1,89.2,14.1,32.4,9.5,43.2,7.1,R,64.2,92.9,20,86.8,
Zimmermann, Bruce,669145,2021,14,75,14,56,22,19.6,7.7,.291,.492,.347,.840,36,4,5,5.04,33,183,1,91,13.7,37.1,9.8,44.9,6.9,L,42.2,91.4,25.8,84.4,
Burnes, Corbin,669203,2021,28,123,7,234,34,35.6,5.2,.201,.273,.248,.521,45,11,5,2.43,41,447,2,85.5,8.4,29.5,3.1,30.5,6.7,R,62.9,95.5,9.6,90.7,
Akin, Keegan,669211,2021,24,110,17,82,40,19.2,9.4,.290,.491,.356,.847,70,2,10,6.63,61,287,0,89.8,17.8,33.7,9.6,42.9,7.7,L,57.2,92,19.5,81.9,
Morgan, Eli,669212,2021,18,90,20,81,22,21.4,5.8,.259,.500,.306,.806,53,5,7,5.34,46,225,1,89.5,19.4,40.4,11.9,42.6,6.7,R,49.6,90.4,22.8,74.8,
Campbell, Paul,669294,2021,16,32,5,26,10,21.0,8.1,.288,.486,.355,.841,19,2,3,6.41,20,71,5,88.9,14.2,33.7,12.8,34.9,7.5,R,46.2,92.7,6,86,
Gilbert, Logan,669302,2021,24,112,17,128,28,25.4,5.6,.241,.425,.290,.715,62,6,5,4.68,56,284,1,90.1,19.2,36.4,8.8,44.6,9.1,R,61.5,95.3,7.7,79.9,
Wells, Tyler,669330,2021,44,40,9,65,12,29.0,5.4,.192,.365,.237,.602,26,2,3,4.11,34,123,1,90,24.8,39,11,41.1,7.5,R,58.6,95.2,10.4,88.4,
Skubal, Tarik,669373,2021,31,141,35,164,47,25.9,7.4,.245,.476,.306,.782,72,8,12,4.34,71,406,4,90.5,14.1,35.3,13.9,45.1,8.9,L,56,94.4,14.4,82.6,
Rogers, Trevor,669432,2021,25,107,6,157,46,28.5,8.4,.218,.318,.287,.606,39,7,8,2.64,40,356,7,87.7,12.5,34.9,5,36.7,7.4,L,57.7,94.5,27.4,84.8,
Bieber, Shane,669456,2021,16,84,11,134,33,33.1,8.1,.229,.373,.299,.672,34,7,4,3.17,33,270,2,89.7,9.6,38,9,43.6,7.3,R,38.6,92.4,4.7,87.4,
Barlow, Joe,669618,2021,31,12,2,27,12,24.3,10.8,.124,.216,.216,.433,5,0,2,1.55,10,72,4,89.2,17.2,31.9,5.6,36.1,7.9,R,46.6,94.4,,,
Bender, Anthony,669622,2021,60,45,5,71,20,28.7,8.1,.207,.350,.287,.638,19,3,2,2.79,25,232,3,88.3,6.4,33.3,6,34,6.9,R,53,96.9,0.6,90.4,
Long, Sam,669674,2021,12,37,5,38,15,21.6,8.5,.237,.410,.313,.723,25,2,1,5.53,20,127,2,88.7,15.1,32.5,5.8,36.7,8.7,L,43.2,92.6,20.5,80.4,
Rodriguez, Chris,669735,2021,15,28,0,29,15,21.6,11.2,.243,.313,.351,.664,12,2,1,3.64,8,101,2,88.2,3.6,29.1,3.5,36,7.5,R,65.3,95.8,4.8,89.8,
White, Mitch,669952,2021,21,38,6,49,17,24.9,8.6,.215,.356,.279,.635,19,1,3,3.66,28,129,9,88.7,9.3,31.3,7.6,37.4,8.9,R,52.8,94.4,1.3,87.3,
Bednar, David,670280,2021,61,40,5,77,19,32.5,8.0,.185,.324,.253,.577,15,3,1,2.23,17,142,0,87.2,15,37.9,5.7,31.9,10.7,R,56,96.7,20.8,89.6,
Oviedo, Johan,670912,2021,14,61,8,51,37,17.7,12.8,.251,.412,.361,.773,34,0,5,4.91,32,173,5,87.7,7.1,35.6,7.7,35.6,8.3,R,53.9,94.8,11,86.2,
Richards, Trevor,670950,2021,53,40,12,78,22,31.1,8.8,.175,.364,.247,.611,25,7,2,3.50,28,154,1,90.4,22,33.8,11.3,46.4,6.9,R,56.8,92.7,29.6,84.5,
Ramirez, Yohan,670990,2021,25,18,6,35,12,30.7,10.5,.188,.396,.289,.685,12,1,3,3.90,19,77,2,86.9,20.2,35.9,6.3,29.7,8.3,R,54.4,95.5,,,
Detmers, Reid,672282,2021,5,26,5,19,11,18.8,10.9,.295,.534,.386,.920,17,1,3,7.40,16,58,0,88.8,18.4,36.2,11.6,33.3,10,L,45.1,92.9,4.7,83.4,
Perez, Cionel,672335,2021,25,21,5,25,20,22.5,18.0,.233,.444,.369,.814,17,1,2,6.38,19,71,4,89.6,11.3,24.2,6.1,42.4,7.9,L,64.3,96,7.7,88.7,
Hernandez, Carlos,672578,2021,24,69,7,74,41,20.7,11.5,.223,.332,.318,.651,35,6,2,3.68,32,194,1,89.8,15.2,33.9,7.1,39.3,5.9,R,55.8,97.2,9.4,86.5,
Patino, Luis,672715,2021,19,69,12,74,29,22.2,8.7,.232,.393,.303,.696,37,5,3,4.31,36,181,3,89.8,20.6,34.8,8.4,40.5,8.2,R,63.7,95.7,5,87.6,
Guenther, Sean,674944,2021,14,31,1,15,10,14.6,9.7,.348,.494,.417,.912,21,0,1,9.30,19,55,1,89.3,10.6,36.8,6.6,38.2,6.9,L,56.9,93,8.9,87,
Lowther, Zac,675912,2021,10,36,6,30,13,21.7,9.4,.298,.496,.384,.880,22,1,3,6.67,18,105,1,92.7,11.7,35.2,13.2,52.7,8.1,L,54.1,90.7,17.2,83.3,
Karinchak, James,675916,2021,60,35,9,78,32,33.2,13.6,.176,.352,.294,.645,25,7,4,4.07,31,173,2,90.1,18.3,31.7,8.9,40.7,7.5,R,68.1,95.9,,,
Howard, Spencer,675921,2021,19,53,7,52,27,22.7,11.8,.269,.452,.362,.814,41,0,5,7.43,36,166,4,88.2,16.7,36.1,7.5,35.4,6.4,R,77.2,93.1,9,79.4,
Naughton, Packy,676050,2021,7,27,3,12,14,11.1,13.0,.290,.419,.389,.808,16,0,4,6.35,14,54,2,86.6,4.3,29.6,4.9,40.7,3.4,L,56.9,90.5,27.7,81.7,
Heuer, Codi,676051,2021,65,65,7,56,23,19.9,8.2,.261,.406,.320,.726,32,7,4,4.28,30,141,2,87.3,12.7,31,4.5,36.5,8.9,R,56.1,95.9,20.7,87.2,
Whitlock, Garrett,676477,2021,46,64,6,81,17,27.2,5.7,.233,.349,.282,.631,16,8,4,1.96,23,201,6,87.7,7.5,34.5,4.1,37.1,8.5,R,62.9,95.9,20.6,83.1,
Fleming, Josh,676596,2021,26,110,11,65,31,14.5,6.9,.268,.407,.321,.729,59,10,8,5.09,53,247,1,87.5,2.9,30.1,6.6,35,4.6,L,73.2,89.4,22,81.8,
Zuber, Tyler,676604,2021,31,26,6,25,17,20.3,13.8,.250,.462,.358,.819,19,0,3,6.26,20,75,1,90.7,19.2,41.3,13.8,44.9,7.5,R,58.5,94.6,6.5,85.5,
Vest, Will,676684,2021,32,38,2,27,18,17.3,11.5,.288,.432,.378,.810,24,1,0,6.17,26,90,1,89.9,10,38,5.6,37,6.4,R,56.8,93.5,19.8,84.5,
Whitley, Kodi,676831,2021,25,15,1,27,12,26.7,11.9,.172,.230,.267,.497,7,0,0,2.49,7,45,1,83.6,16.2,33.9,3.2,24.2,6.5,R,56.9,93.7,27.9,84.7,
Peacock, Matt,676840,2021,35,107,13,50,28,13.0,7.3,.304,.494,.352,.847,47,5,7,4.90,54,211,8,90.2,2.7,25.1,6.2,45.9,8.2,R,68.3,93.4,7.2,86.6,
Ashby, Aaron,676879,2021,13,25,4,39,12,29.3,9.0,.210,.328,.286,.613,16,3,2,4.55,16,107,4,87.3,0,30.9,4.9,35.8,8.3,L,35.9,96.5,21.6,88.9,
de Geus, Brett,676969,2021,47,62,6,41,25,17.2,10.5,.308,.478,.399,.877,42,3,2,7.56,48,158,5,89.7,5,35.4,6.1,38.4,6.1,R,80.9,92.1,,,
Crochet, Garrett,676979,2021,54,42,2,65,27,28.3,11.7,.213,.289,.304,.594,17,3,5,2.82,21,154,5,89.1,14.2,36,4.4,39.4,8.2,L,63.7,96.7,8,91.8,
Garcia, Luis,677651,2021,30,133,19,167,50,26.4,7.9,.232,.393,.294,.687,60,11,8,3.48,57,408,2,88.1,15.9,34.1,7.3,38.7,7,R,67.1,90.9,11,83.4,
Weathers, Ryan,677960,2021,30,101,20,72,30,18.0,7.5,.279,.497,.334,.831,56,4,7,5.32,52,288,1,90.2,11.7,33.1,8.1,43.6,8.9,L,62.3,93.9,7.4,86.6,
Dobnak, Randy,677976,2021,14,66,11,27,12,11.8,5.3,.310,.554,.346,.900,43,1,7,7.64,38,122,1,91.7,2.3,31,10.2,55.6,6.9,R,59.5,91.6,7.3,84.5,
Gray, Josiah,680686,2021,14,63,19,76,33,24.8,10.7,.238,.506,.319,.825,43,2,2,5.48,42,173,1,88.3,22.1,32.1,12.2,36.2,6.8,R,51.6,94.6,3.3,89.2,
Sandlin, Nick,680704,2021,34,21,2,48,17,34.0,12.1,.176,.286,.298,.584,11,1,1,2.94,18,123,4,84,12.6,34.7,4.2,27.8,6.5,R,51.4,94.5,2.2,87.3,
Wantz, Andrew,681806,2021,21,23,5,38,11,31.7,9.2,.219,.400,.308,.708,15,1,0,4.94,24,83,2,87.8,20.8,49.3,11.9,34.3,7,R,74.5,91.3,7.7,86.9,
Vesia, Alex,681911,2021,41,17,6,54,22,33.5,13.7,.126,.296,.255,.551,10,3,1,2.25,16,95,7,87.6,23.5,33.7,10.8,34.9,7.5,L,72,93.8,10.2,85.9,
Mears, Nick,683232,2021,30,25,5,23,13,21.5,12.1,.269,.462,.355,.818,13,1,0,5.01,25,69,1,86.6,16.2,35.2,7,29.6,5.3,R,64.2,95.6,,,
Arihara, Kohei,685503,2021,10,45,11,24,13,13.5,7.3,.281,.600,.348,.948,30,2,4,6.64,30,125,1,91.7,11.7,41.6,13.9,49.6,8.2,R,59.1,90,21,82.2,