p_game,p_total_hits,p_home_run,p_strikeout,p_walk,p_k_percent,p_bb_percent,batting_avg,slg_percent,on_base_percent,p_earned_run,p_era,p_rbi,p_called_strike,p_unearned_run,exit_velocity_avg,launch_angle_avg,sweet_spot_percent,barrel_batted_rate,hard_hit_percent,meatball_percent,pitch_hand,n_fastball_formatted,fastball_avg_speed,winning?
32,168,21,174,50,21,6,0.22,0.352,0.274,70,3.05,66,664,2,88.2,10,34.3,6.2,35.6,7.8,R,59.7,87.5,No
30,164,30,120,36,17.2,5.2,0.252,0.434,0.29,79,4.16,78,452,3,88.3,10.6,35.3,6.5,35.4,6.7,R,45.9,89,No
38,65,9,52,22,18.8,7.9,0.259,0.446,0.321,34,4.68,33,162,1,90.2,13.8,38.8,10.9,43.8,7.2,R,45.1,93.4,No
78,69,12,37,12,11.8,3.8,0.233,0.395,0.262,34,3.92,45,155,1,86.5,19.7,33.1,8.4,30,6.2,R,68.7,86.5,Yes
29,45,7,22,8,15.6,5.7,0.344,0.58,0.383,21,6.37,23,94,2,91.7,3.1,33.6,7.3,48.2,6.3,R,75.1,92,Yes
69,36,4,86,36,30.9,12.9,0.153,0.233,0.266,17,2.22,22,176,4,84,19.8,30.1,4.6,26.1,8.4,R,84.5,92.9,No
30,23,0,36,11,27.1,8.3,0.192,0.267,0.256,8,2.14,12,111,1,90.9,10.4,29.1,5.8,41.9,8.3,R,79.7,90.1,Yes
53,44,10,62,20,27.1,8.7,0.222,0.449,0.314,27,4.64,32,167,1,88.3,15.3,30.2,12.2,37.4,7.1,L,88.1,88.9,Yes
16,74,8,82,33,24,9.7,0.247,0.375,0.328,34,3.83,33,224,3,86.9,13.9,34.8,6.8,34.4,7.2,R,56.9,89.2,Yes
32,137,21,150,55,22.7,8.3,0.235,0.402,0.315,68,3.86,65,512,2,88.3,18,37,8.9,34.8,8.7,L,52.5,87.7,No
56,50,7,53,23,23.8,10.3,0.258,0.454,0.336,25,4.53,34,117,2,90.9,26.4,41.4,6.9,42.1,9,L,81.1,93.1,Yes
41,67,6,61,46,19.9,15,0.262,0.379,0.378,44,6.06,47,190,1,86.7,11,31.5,4.6,35.5,5.6,R,56,92.8,Yes
33,136,16,216,58,28.6,7.7,0.203,0.309,0.279,69,3.34,70,556,8,88.1,7.7,29.9,4.9,32.5,7.8,R,58,94.1,No
40,44,8,38,19,20,10,0.27,0.454,0.342,32,6.75,28,98,1,90.4,17.1,42.7,9.2,46.6,7.5,R,78.8,90.9,No
28,159,25,91,55,14.5,8.8,0.285,0.478,0.346,74,4.71,76,349,10,88.3,10.4,33.5,7.7,37.2,5.9,L,73.4,87.6,Yes
55,45,12,62,17,27.2,7.5,0.216,0.418,0.281,20,3.2,23,131,1,90.8,26.7,35.4,8.8,44.9,8.5,R,86,93.7,Yes
40,41,5,40,16,24.4,9.8,0.293,0.486,0.378,19,4.75,19,131,0,86.3,10.1,31.1,8.7,36.9,8.1,L,35.3,88.4,No
62,40,4,44,18,19.6,8,0.193,0.285,0.258,25,3.92,17,135,1,86,10.5,31.9,6.1,30.1,6.2,L,42.6,92.4,Yes
67,69,8,80,36,26.3,11.8,0.265,0.431,0.368,38,5.21,33,205,3,88.6,12.7,38.7,5.5,39.8,9.1,R,48.5,97.4,No
18,56,8,29,17,13.1,7.7,0.283,0.48,0.348,24,4.41,24,133,0,87.8,16.7,39.2,8.8,36.8,7.4,L,66.9,86.5,No
47,43,5,37,14,20,7.6,0.257,0.395,0.319,15,3.09,19,122,0,86.7,16.6,32.6,6.8,31.8,8.8,R,57.4,90.3,Yes
30,119,23,236,36,34.1,5.2,0.185,0.331,0.238,49,2.46,49,443,4,87.9,19.3,33.6,8,34.3,8.2,R,56,93.6,No
64,54,4,59,25,22.3,9.4,0.228,0.316,0.302,16,2.23,19,196,5,86.7,-0.8,33.9,6.1,36.5,7.4,R,65.5,91.9,Yes
24,131,24,83,44,17.7,9.4,0.32,0.563,0.386,81,7.39,77,321,10,90.9,9.1,37.2,9.2,44.3,7.6,R,52.7,91.4,Yes
46,49,4,33,6,18.2,3.3,0.29,0.402,0.32,19,3.95,22,101,1,91.2,8,31.7,5.8,43.2,9.7,R,71.6,93.8,No
39,79,8,58,26,17.8,8,0.272,0.428,0.334,33,4.03,35,212,2,86.8,8.3,32.1,5.1,35,10.3,L,73,91.8,Yes
22,127,15,98,30,20,6.1,0.285,0.465,0.329,52,4.08,54,275,5,88.4,14.1,36,6.4,38,7.7,R,53,91.6,No
30,177,30,122,48,18.2,7.2,0.288,0.511,0.34,98,5.79,90,395,2,90.2,16.4,38.4,11.6,41.8,5.4,L,71.5,90.5,No
42,32,6,29,16,19.5,10.7,0.244,0.435,0.329,20,5.29,21,102,2,86.9,16,22.5,7.8,36.3,7.3,L,93.9,92,No
28,123,18,176,45,27.5,7,0.209,0.338,0.265,47,2.69,46,357,5,87.7,16,31.7,5.8,36,7.2,R,92.3,91.9,No
35,69,10,37,5,17,2.3,0.327,0.55,0.344,36,6.57,37,111,0,89.1,18.1,38.3,8.6,39.4,6.7,R,69.7,86.9,Yes
62,44,7,58,10,24.3,4.2,0.196,0.33,0.234,18,2.72,25,133,7,90.9,20.5,31.4,6.5,46.2,9.5,L,90.1,94.9,Yes
26,22,3,21,11,18.9,9.9,0.232,0.4,0.324,9,3.2,13,56,3,88.1,23.5,36.8,11.8,38.2,6.3,R,43.4,88.8,No
41,39,6,40,12,25.2,7.5,0.269,0.483,0.327,21,5.06,21,92,0,88.3,18.2,34.9,7.5,38.7,7.9,R,60,92.8,No
46,53,8,47,28,17.5,10.4,0.222,0.406,0.301,31,4.34,34,167,1,86.4,9.9,32,5.7,36.1,7.5,R,41.6,92.8,Yes
12,59,12,50,18,21.1,7.6,0.272,0.502,0.325,36,6.04,36,124,3,89,10.4,34.9,8.3,38.5,7.4,R,50.4,93.2,No
34,25,2,34,8,25.2,5.9,0.202,0.298,0.252,12,3.24,10,86,0,89.8,8.7,30.4,6.5,45.7,9.6,R,59.5,98.3,No
24,102,11,58,28,14.2,6.8,0.276,0.439,0.323,45,4.22,42,261,7,90.9,3,30.8,9.3,47,5.2,L,54.1,88.5,No
57,67,6,78,15,25.9,5,0.238,0.359,0.282,22,2.74,35,148,8,86.6,15.2,36.3,4.4,31.4,6.2,L,62,88.3,Yes
22,103,15,144,21,29.5,4.3,0.224,0.374,0.26,48,3.55,49,291,3,88.1,9.8,31.7,6.9,37.3,8.7,L,36.8,90.6,No
28,166,17,125,50,18.1,7.2,0.265,0.408,0.317,61,3.37,58,397,3,85.7,8,31.8,6.1,34.2,4.1,L,64.1,86.6,No
66,56,9,60,21,23.2,8.1,0.238,0.404,0.305,32,4.67,39,198,1,84.9,17.4,35.2,7.4,23.3,5.9,R,33.4,85.5,No
67,79,13,83,13,23.4,3.7,0.235,0.384,0.268,30,3.06,40,239,1,88.4,8.3,27,5.9,36.1,5.2,R,69.6,91.2,Yes
39,62,8,45,14,21.4,6.7,0.32,0.526,0.367,30,5.87,38,123,2,89.9,8.2,42,6.7,42.7,6.5,R,19.9,85.1,No
69,55,5,71,35,25.7,12.7,0.239,0.374,0.351,29,4.21,32,241,2,86.1,11.8,31.9,4.9,30.1,6.8,R,49.8,94.7,Yes
53,53,8,62,20,23,7.4,0.218,0.358,0.286,30,4.11,28,160,4,85.6,22,30.1,7.1,33.9,6,R,45.5,90.7,Yes
29,74,12,85,35,28.6,11.8,0.286,0.483,0.37,45,6.43,41,192,5,90.6,12.7,38.1,11.9,45.5,7.1,L,58.6,91.6,No
22,114,17,88,21,19.2,4.6,0.265,0.453,0.299,44,3.62,44,297,5,91.2,15.3,33.4,8.9,46.7,7.3,R,54.2,90.6,Yes
67,53,2,42,19,15.8,7.1,0.217,0.279,0.271,17,2.37,23,180,6,86.4,8.3,29.9,2.5,32.8,10.4,L,61.8,90.9,Yes
50,47,5,34,8,19.7,4.6,0.297,0.462,0.335,22,4.99,33,119,1,87.9,9.5,29.7,5.5,35.2,8.8,R,62.6,86.3,No
28,156,26,149,41,22.3,6.1,0.252,0.447,0.302,89,5.05,82,422,3,88.5,16.5,35,9.3,35.9,6,L,42.8,90.9,Yes
31,158,17,155,64,20.6,8.5,0.234,0.363,0.305,75,3.71,63,480,3,88.8,7.4,29.2,4.6,38.9,5.1,R,61.4,91.7,No
18,85,5,98,33,24.9,8.4,0.24,0.336,0.308,39,3.76,40,296,7,88.9,3,32.4,4.2,37.5,5.8,R,46.7,92.7,Yes
35,108,19,92,25,20.2,5.5,0.256,0.46,0.295,52,4.27,52,335,1,89.6,17.4,39.8,11.6,43.3,7.6,R,55.2,89,No
71,44,8,83,25,31.2,9.4,0.192,0.332,0.282,24,3.34,28,196,2,88.3,19.2,27.8,6.6,35.1,9.4,R,55.9,93.5,Yes
9,42,4,32,14,19.3,8.4,0.286,0.422,0.343,27,6.57,26,116,2,88.3,6.9,30.3,6.7,40.3,7.1,R,54.4,88.2,No
13,27,2,30,11,25.6,9.4,0.257,0.39,0.325,10,3.42,9,73,0,88.1,12.2,32.9,2.6,38.2,7.5,L,67,90.8,No
14,51,10,35,20,16.3,9.3,0.268,0.521,0.344,36,6.75,28,135,0,85,13.5,34.4,8.9,35.7,5.6,R,57.2,90.1,No
39,58,6,51,20,22.7,8.9,0.287,0.455,0.351,28,5.07,27,150,1,89.1,11.2,32,6.5,42.5,8.3,L,56.6,93,Yes
19,87,12,58,38,14.4,9.5,0.247,0.415,0.321,32,3.07,40,232,9,89.1,8.7,30.9,7.3,38.2,8.5,R,55.1,93.9,No
39,29,2,39,27,25,17.3,0.232,0.352,0.378,20,5.63,22,109,1,87.4,13.9,37.9,5.7,32.2,6.4,R,65.1,94.8,No
30,138,28,199,44,29.2,6.5,0.222,0.429,0.279,78,4.22,74,504,3,88.2,16.6,35.1,8.8,34.9,8.9,R,64.3,90.2,Yes
67,68,8,58,23,20,7.9,0.264,0.411,0.328,30,4.15,40,164,11,90.6,4.4,30.2,8.8,41.5,6.7,R,100,90.7,No
26,134,24,124,39,20.2,6.4,0.242,0.439,0.3,76,4.67,77,424,6,88.8,18.5,38,7.5,38.5,8.6,L,70.7,88.2,Yes
74,61,2,64,41,20.8,13.3,0.238,0.316,0.351,26,3.42,45,239,6,84.9,9.7,28.4,6.1,32.7,5.9,R,60.8,90.1,No
67,47,10,83,34,31.7,13,0.211,0.39,0.324,26,3.86,33,195,3,90,16.6,37.6,10.6,39.7,7.2,L,66.9,95.3,No
13,52,6,65,22,25.8,8.7,0.226,0.357,0.294,17,2.51,17,150,2,89.5,17.7,39.4,6.7,40.6,5.9,L,55.6,93.7,Yes
28,160,19,95,37,16.3,6.4,0.299,0.481,0.347,89,6.27,83,360,7,89.5,13.3,36.4,7.9,40.9,7.3,R,54.8,93.2,Yes
57,49,9,53,26,21.8,10.7,0.229,0.407,0.313,30,4.85,33,150,2,88.8,12.1,38,14.1,40.7,8.3,R,40.1,92.8,No
27,163,21,130,41,19.5,6.1,0.266,0.433,0.312,78,4.44,74,419,4,89,12.9,33.1,6.3,39.6,7.8,R,64.5,91.5,Yes
63,31,6,100,23,42.6,9.8,0.15,0.272,0.243,15,2.26,18,175,4,90.2,19.2,39.4,4.6,39,6.3,R,58.8,96.6,No
38,32,3,21,9,14.6,6.3,0.237,0.37,0.285,11,2.56,16,69,0,90.8,-0.1,21.9,7,45.6,5.9,L,68.6,88.8,Yes
24,78,15,63,38,18.9,11.4,0.274,0.509,0.353,51,6.29,47,196,3,89.5,16,35.1,8.7,38.1,7.6,L,65.5,92,No
28,14,0,44,13,37.9,11.2,0.143,0.184,0.267,6,1.86,6,96,2,84.5,20.7,30.9,3.6,30.9,7.5,R,33.1,93.8,No
27,19,2,30,10,29.4,9.8,0.211,0.333,0.284,5,1.75,5,88,1,89.6,7.4,41.9,4.8,38.7,10,L,75.3,93.9,Yes
64,49,4,81,13,32.4,5.2,0.208,0.297,0.248,16,2.25,20,182,3,90.2,6.6,30.8,6.4,40.4,8.8,R,39.7,95.4,Yes
9,45,6,52,12,28.4,6.6,0.269,0.419,0.333,15,3.16,14,130,4,84.6,5.7,32.2,3.5,32.2,6.5,L,48.6,93.6,Yes
71,49,11,87,28,30.7,9.9,0.198,0.403,0.29,26,3.44,27,184,1,88.7,20.7,36.8,9.2,41.1,5.7,L,47.3,92.8,No
57,46,8,58,22,24,9.1,0.213,0.38,0.289,17,2.61,18,154,4,86.9,20.3,33.8,8.8,29.4,8.1,R,57.1,94.8,Yes
29,36,4,25,21,18.4,15.4,0.313,0.487,0.419,17,5.46,22,105,3,93.1,7.8,40,11.1,53.3,7.2,R,49.1,89.9,No
69,45,11,113,7,42.3,2.6,0.174,0.318,0.199,20,2.54,26,116,3,89.8,19.4,26.9,9.7,40.1,8.3,R,68.9,97.7,Yes
48,28,3,50,15,27.5,8.2,0.174,0.286,0.258,14,2.86,14,158,2,85.5,-0.1,27.4,5.3,34.5,7.6,R,41,97.6,Yes
36,136,19,97,36,19.1,7.1,0.296,0.481,0.356,60,4.74,63,337,11,88.6,10.2,40.3,9.3,42.2,5.6,L,67.3,91.5,No
14,48,7,29,15,14.8,7.7,0.277,0.462,0.332,25,4.93,24,146,1,87.9,13.2,29.5,7.4,34.2,7.7,R,56.5,90.4,No
16,73,15,40,27,14.1,9.5,0.297,0.537,0.363,54,8.06,52,157,2,89.1,12.2,31.5,9.9,40.4,7,R,41,91.6,No
17,24,4,20,5,18.3,4.6,0.238,0.406,0.275,17,5.74,11,65,0,89.5,19.1,36.1,6,39.8,9.7,R,90.6,90.7,No
67,51,6,62,31,23.4,11.7,0.226,0.345,0.325,25,3.65,31,184,9,87.1,14,33.9,6.5,32.1,8.1,R,66,96.6,No
31,170,27,134,38,19.1,5.4,0.262,0.452,0.297,84,4.53,80,395,3,87,18.2,35.7,8.5,33,7.1,L,73.8,88.4,Yes
34,65,7,50,13,22.5,5.9,0.323,0.488,0.369,28,5.21,38,137,7,91.3,12.2,34.8,6.5,45.2,6.9,R,53.5,91.2,No
31,39,10,44,15,26.7,9.1,0.265,0.531,0.339,27,6.75,34,90,1,90.6,19.4,38.5,14.4,44.2,9.1,R,88.2,92.1,Yes
70,55,11,58,24,22.3,9.2,0.241,0.425,0.315,26,3.82,27,187,7,88.8,10.7,33.1,8.6,39.8,8.7,R,49,95.4,No
68,51,4,44,6,19.6,2.7,0.241,0.335,0.267,19,2.95,21,115,1,88.1,-5.3,25.6,4.1,39.6,10,L,86,89.2,Yes
35,30,5,33,18,23.7,12.9,0.254,0.449,0.353,21,6.3,23,99,5,88.9,14.3,29.9,9.2,35.6,7.1,R,51.1,93.6,No
32,26,2,38,21,26.2,14.5,0.217,0.317,0.352,20,5.63,19,96,2,90.2,6.1,32.9,8.5,43.9,5.9,R,90.2,92.9,No
30,151,24,243,41,33.5,5.6,0.223,0.372,0.267,65,3.23,64,523,4,88.7,12.5,33,9.8,38.6,8.4,R,48,97.7,No
29,35,5,33,7,23.7,5,0.267,0.443,0.302,14,3.67,16,72,3,90,10.4,34.3,7.1,39.4,9.3,L,33.3,90.4,Yes
31,141,19,152,42,22.5,6.2,0.225,0.358,0.274,59,3.17,56,423,2,88.9,11.6,32.7,8.1,38.8,8.5,R,45.7,94,No
32,182,15,195,35,25.5,4.6,0.253,0.402,0.293,76,3.75,71,508,5,88,12.8,37,6.3,36.4,8.2,R,54.8,95.9,No
26,115,19,155,50,27,8.7,0.225,0.385,0.301,63,4.19,64,435,4,86.6,8.8,31.6,4.7,32.1,6.7,R,58.5,91.6,No
68,56,9,61,26,21.9,9.4,0.235,0.408,0.317,28,3.9,39,218,11,88.2,14.4,36.2,8.6,37.3,7.6,L,57.4,93,No
32,200,31,131,44,16.7,5.6,0.278,0.481,0.327,96,4.77,88,523,5,86.3,11.1,37.4,8.4,33,6.7,R,60.5,87.3,No
54,40,8,75,16,35.7,7.6,0.211,0.405,0.267,19,3.31,25,108,3,90.5,19.9,38.7,13.4,43.7,9.4,R,68.7,97,Yes
32,194,38,146,56,19,7.3,0.278,0.499,0.334,103,5.15,99,468,1,89.9,15.3,35.5,9.1,41.6,7.2,R,51.2,92.4,No
68,55,10,83,24,31.2,9,0.227,0.401,0.297,25,3.59,24,159,4,88.6,17.4,30.8,7.5,34,7.5,R,60.3,96.5,Yes
37,48,3,74,12,30,4.9,0.207,0.289,0.251,11,1.55,14,193,4,86.7,15.6,30.8,2.5,29.6,7.3,R,43.9,88.3,Yes
10,32,4,20,13,16.3,10.6,0.302,0.5,0.382,13,4.39,13,76,0,89,14.9,43.2,4.5,40.9,6.6,L,69.6,87.8,No
24,97,16,91,34,20.6,7.7,0.243,0.429,0.304,49,4.21,48,263,2,89.7,17.2,31.3,9.3,39.3,6.8,R,65.5,91.3,No
81,69,10,71,38,21.3,11.4,0.235,0.388,0.323,30,3.49,38,189,3,88.8,8.4,36.2,7.1,38.4,8,R,79.3,92.9,No
65,57,10,72,27,27.5,10.3,0.248,0.435,0.328,26,3.94,35,169,5,88.1,4.9,30.6,6.3,39.4,7.8,R,73.5,96.6,Yes
17,71,19,137,37,31.7,8.6,0.182,0.374,0.257,31,2.59,33,317,5,89.9,19.1,33.7,10.2,41.3,8.3,R,67.6,91.2,Yes
27,21,2,32,9,23.9,6.7,0.175,0.25,0.246,9,2.31,8,72,1,87.4,24.6,22.2,10,27.8,6.2,R,52.4,93.7,Yes
7,25,7,32,16,24.2,12.1,0.216,0.457,0.311,17,4.99,17,90,0,91.5,18.8,33.3,14.3,42.9,8.6,R,48.8,93.6,No
27,26,2,21,14,16.8,11.2,0.241,0.343,0.328,18,5.59,14,73,0,88.8,10.5,30.3,3.4,44.2,7.9,R,65.7,94.5,No
27,98,12,80,39,17.7,8.6,0.242,0.373,0.312,41,3.46,41,314,5,88,9.2,32.5,7,35.9,7.3,L,41.8,89.1,No
31,170,24,143,37,20.4,5.3,0.258,0.435,0.298,82,4.37,78,507,3,89.6,9.8,33.7,8.5,41.6,5.7,L,61.5,88.4,Yes
61,36,9,97,38,39.9,15.6,0.182,0.359,0.317,21,3.36,21,166,2,88,12.1,38.1,16.2,40,7.3,L,62.3,98.5,Yes
58,43,6,65,16,31.7,7.8,0.232,0.362,0.302,26,4.78,35,138,4,83,10.3,39.7,8.3,21.5,6.5,L,55.1,89,No
24,99,23,94,30,21.8,7,0.251,0.489,0.304,54,4.8,51,276,1,90,17.2,33.4,10.2,40.3,8.2,R,50.9,91.9,No
57,55,7,77,15,27.3,5.3,0.21,0.332,0.259,15,1.88,32,153,6,88.9,5,29.9,7.5,37.4,6.1,R,54.6,95.2,Yes
62,49,8,60,18,25.3,7.6,0.23,0.408,0.287,27,4.21,29,157,6,89.4,15.2,35.4,8.2,37.2,8.4,R,45.1,95.9,No
32,169,16,247,46,29.1,5.4,0.215,0.321,0.263,66,2.78,63,501,6,84.6,8.4,31.2,4.6,28.5,8,R,60.7,97,Yes
69,40,3,77,37,29.2,14,0.182,0.277,0.299,18,2.57,16,134,1,89.7,15.8,30.4,3.4,37.8,6.3,L,70.7,96,No
52,53,4,47,18,22.7,8.7,0.294,0.389,0.343,24,4.66,27,134,3,87.3,1,27.1,5,35.8,7,L,58.6,94,No
28,35,4,35,19,19.8,10.7,0.238,0.354,0.345,26,5.85,32,124,3,88.3,5,27.6,6,36.2,7.9,R,40.4,92.7,Yes
26,119,14,67,42,14.7,9.2,0.292,0.475,0.362,65,5.81,63,251,5,90.8,8.2,31.8,8.7,47.8,6.7,R,63.4,93.9,No
72,58,8,76,37,25.6,12.5,0.228,0.398,0.337,34,4.43,36,185,5,91.1,11.9,31.3,11.2,47.5,8.9,R,55.8,96.7,No
53,55,5,54,19,20.7,7.3,0.229,0.342,0.284,18,2.51,26,172,6,86.9,8.5,30.3,6.4,35.1,8.4,R,31.5,93.6,Yes
15,77,9,67,23,19.9,6.8,0.255,0.397,0.318,34,3.89,33,213,3,87.8,17.1,28.7,7.9,36.3,6.8,L,47.5,91.9,No
57,41,9,75,35,31.8,14.8,0.212,0.399,0.347,31,5.26,31,139,0,91.5,15.9,39.2,11.7,45.4,5.9,L,65.5,94.5,Yes
31,192,37,143,60,19,8,0.286,0.51,0.34,111,5.82,109,423,3,89.4,9,32.9,9.2,41.2,6.7,L,56.7,92.4,Yes
36,40,9,37,21,21.6,12.3,0.278,0.5,0.386,25,6.37,27,112,0,91.2,14.7,36.1,10.2,45.4,7.2,R,47.7,94,No
68,53,2,62,25,23,9.3,0.217,0.287,0.289,20,2.81,22,181,5,85.8,8.8,30.1,5.5,32.8,6.5,R,62.8,93.7,No
54,43,7,54,27,25,12.5,0.234,0.413,0.333,19,3.35,26,154,3,85.7,16.1,38.3,9.8,27.5,6.8,R,47,94.7,Yes
17,30,5,21,9,18.1,7.8,0.283,0.491,0.345,19,6.41,27,57,1,89.3,11.7,38.8,11.8,43.5,6.3,R,55.5,92.7,No
30,130,29,150,41,26.9,7.3,0.256,0.487,0.317,84,5.83,74,371,1,89.3,18.5,33.8,9.4,40.8,6.3,L,59.4,92,No
65,37,1,57,16,26.1,7.3,0.192,0.238,0.261,6,0.95,17,162,3,88.1,9.1,34,2.1,37.6,9.2,L,84.8,89.4,Yes
29,158,18,144,43,22.3,6.6,0.265,0.405,0.32,64,3.82,62,470,6,87.8,9.6,32.2,7,37.9,8.3,L,51.9,94.5,No
9,43,6,31,11,16.7,5.9,0.253,0.406,0.301,21,4.23,22,135,3,87.7,9.8,28.2,7.7,37.3,8.2,R,49.4,93,No
40,158,19,115,60,18.6,9.7,0.289,0.468,0.361,74,4.87,77,361,12,91.1,10.6,34.6,8.5,47.8,8.8,R,53.6,94.3,No
25,20,3,19,12,17.3,10.9,0.222,0.356,0.336,16,5.76,17,76,1,84.1,25.5,39.2,5.4,27,8.1,L,55.5,90.9,No
31,49,5,28,11,14.9,5.9,0.28,0.44,0.324,26,5.4,31,117,1,91.1,15.5,38.5,5.4,41.9,9.1,R,68.9,93.4,No
65,35,4,74,19,30.8,7.9,0.164,0.272,0.242,19,2.79,26,136,0,87.3,14.7,27.3,8.4,35,5.8,R,44.1,93.3,No
28,25,6,24,14,21.2,12.4,0.263,0.505,0.381,19,7.23,11,81,0,89.7,20.8,28.2,11.3,40.8,6.4,R,64.9,90.3,No
63,47,6,77,27,31.6,11.1,0.22,0.369,0.307,21,3.22,17,195,0,89.1,17.4,36,7.2,35.3,8.1,R,32.5,95.5,No
32,189,25,95,59,13.2,8.2,0.29,0.472,0.354,95,5.28,91,457,10,88.3,4.9,33.7,8.8,39.5,4.2,L,64.5,86.8,No
57,45,1,38,17,21.5,9.6,0.292,0.448,0.356,15,3.4,21,123,9,86.6,7.7,35.5,5.8,36.4,9,L,51.4,91.1,No
40,38,4,59,8,35.5,4.8,0.247,0.37,0.277,15,3.35,24,135,3,87.7,5.9,34.3,7.1,36.4,9.8,L,46,95.7,No
33,161,17,158,44,21.6,6,0.242,0.362,0.29,60,3.02,62,461,10,89.1,6.3,33.6,6.5,42,6.9,R,61,91.4,No
59,55,8,77,20,28.9,7.5,0.232,0.401,0.293,23,3.23,33,188,1,88.4,20.8,32.5,12,39.2,9.1,L,49,91.3,Yes
29,27,4,43,20,25.7,12,0.189,0.329,0.293,11,2.48,12,85,1,89.5,6,30.4,5.9,42.2,7,R,51.4,95.2,Yes
29,145,27,163,62,24.5,9.3,0.243,0.432,0.318,77,4.41,69,421,5,91.9,7.9,37.4,11,47,8.7,L,70.6,93.2,No
26,27,6,23,17,19.8,14.7,0.278,0.485,0.379,14,5.04,14,69,0,87.9,18.3,34.2,11.8,42.1,8.8,R,50.2,92.9,No
41,37,6,30,15,20.3,10.1,0.278,0.489,0.351,20,5.51,23,103,2,88,6.2,33,6.8,40.8,7.2,L,48.6,85.4,No
31,33,3,17,12,14.5,10.3,0.333,0.495,0.419,19,7.33,18,71,3,90.5,15.1,22.6,6,45.2,9.2,R,68.2,90.9,No
28,139,35,97,36,16.6,6.1,0.26,0.527,0.314,84,5.44,82,385,2,89.8,16.1,37.2,9.2,43,8.9,R,51.1,93.5,Yes
33,150,20,227,50,29.3,6.5,0.21,0.345,0.263,60,2.81,61,473,6,89.1,12.1,30.6,7.1,40.9,8.8,R,52.7,94.6,No
24,127,18,56,28,12.5,6.3,0.311,0.538,0.359,73,6.46,74,274,1,90.2,11.7,39.9,8.9,45,7.8,R,61.4,91.2,No
29,140,21,157,58,24.4,9,0.245,0.42,0.32,76,4.59,70,450,7,89,9.5,30.4,6.9,38.2,8.5,R,47.6,94.9,Yes
60,45,12,83,24,34.2,9.9,0.207,0.419,0.292,36,5.59,34,178,3,89.2,23.4,29.9,10.4,41,6.6,R,52.3,95.3,No
71,45,6,70,29,26.8,11.1,0.198,0.317,0.291,14,1.98,22,152,1,90.5,6.2,28.7,8.1,41.3,6.6,R,35.6,95.8,No
38,65,17,44,27,17.3,10.6,0.295,0.614,0.373,42,6.71,51,117,1,91.3,23.2,38.7,11.6,39.8,7.2,R,82.8,90.1,No
32,150,33,248,52,32.1,6.7,0.21,0.401,0.266,61,2.84,61,442,1,90.4,17.6,34.3,9.8,43.1,8.8,L,59.5,94.8,No
10,30,8,28,8,19.3,5.5,0.231,0.462,0.303,11,2.8,15,72,4,89.4,13.5,28.2,10.7,43.3,7.5,R,63.1,91.4,No
9,32,2,26,15,16.7,9.6,0.234,0.328,0.327,12,3.06,12,102,0,86.5,5.6,27.9,4.5,36,9.4,R,49.2,89.9,No
57,43,7,45,28,19.1,11.9,0.212,0.374,0.306,20,3.2,27,128,0,88,16.7,34.2,6.8,30.4,5.3,L,40.2,91.6,No
45,93,20,124,63,24.8,12.6,0.217,0.401,0.324,61,4.83,60,340,3,86.8,23.7,36.3,8.5,29.1,8,L,48.1,91.4,No
29,133,27,117,41,21.4,7.5,0.269,0.48,0.322,63,4.48,62,347,6,88.8,14.9,36.1,10.1,39,7.8,L,58,91.2,No
72,46,8,83,37,28.6,12.8,0.186,0.312,0.303,26,3.42,29,162,6,91,18.6,37,9.7,43.6,7.4,R,59.7,97.6,No
29,130,24,140,44,23.2,7.3,0.238,0.422,0.299,69,4.3,69,350,4,88.9,20.9,33.9,8.2,40.4,7.7,R,58.7,93.6,Yes
25,91,23,101,49,24.2,11.8,0.251,0.525,0.345,66,6.3,58,267,2,90.8,20.4,36.6,12.2,43.4,10.1,R,54.3,93.1,No
30,133,26,146,55,22.3,8.4,0.225,0.4,0.294,79,4.47,73,473,5,89.1,12.4,30.5,10,39.4,7.5,R,57.1,94.2,Yes
22,17,1,29,14,29,14,0.205,0.253,0.32,11,4.3,12,78,1,85.4,14.2,38.2,5.5,30.9,8.3,R,68.5,94.3,No
23,105,11,90,31,22.2,7.7,0.287,0.462,0.343,44,4.35,44,257,7,89.2,10.8,34.3,7.1,37.9,6.4,R,60.4,91.1,Yes
64,50,8,42,10,16.7,4,0.209,0.372,0.247,21,2.94,23,140,0,91.5,22.9,31.5,9.1,44.2,8.5,R,86.1,93.1,Yes
22,89,17,98,27,23.9,6.6,0.234,0.426,0.288,50,4.58,44,248,2,89.4,14.7,34.3,7.8,39.2,6.5,R,43.6,93.5,No
16,77,8,57,36,15.7,9.9,0.246,0.39,0.342,57,6.23,49,223,1,89.8,8.4,30.9,8.5,42.5,7.6,R,62.6,92,No
32,164,20,207,57,26.6,7.3,0.232,0.372,0.293,70,3.37,75,470,9,89.3,11.6,34.4,8.7,42.3,7.2,R,64.3,95.8,No
74,55,12,98,32,31.6,10.3,0.202,0.382,0.294,30,3.63,41,195,4,86.8,12,26.1,6.3,36.8,6.7,R,55.8,94.4,No
34,25,1,26,15,19.3,11.1,0.208,0.275,0.296,10,2.67,12,90,0,90,9.2,34,4.3,42.6,7.9,R,74.6,97.2,Yes
45,45,11,44,15,23.2,7.9,0.266,0.521,0.337,30,6.33,32,114,5,89,18.9,37,10.2,43.3,6.8,R,75.8,92,No
32,172,19,185,47,27.4,7,0.277,0.437,0.327,83,4.74,72,448,4,86.5,12.3,37.4,6.8,33.6,6.3,L,68.8,91.5,No
56,49,6,43,21,19.6,9.6,0.251,0.385,0.324,19,3.35,28,112,5,85.7,4.7,28.6,7.8,29.8,5.6,L,37.5,95.2,Yes
72,71,11,90,26,28.6,8.3,0.25,0.43,0.317,32,3.84,36,201,0,91,16,32.7,8.2,41.8,6.1,R,68.1,93,No
15,40,6,146,11,45.1,3.4,0.129,0.242,0.16,11,1.08,13,173,3,87.7,13.7,30.1,6.6,36.7,5.5,R,57.4,99.2,Yes
25,125,29,108,42,18.5,7.2,0.234,0.465,0.294,63,3.96,63,386,1,88.1,20.6,37.4,11.4,37,6.2,L,64.5,87.7,No
24,32,5,24,22,15.2,13.9,0.252,0.465,0.373,23,6.21,22,88,1,89.6,19.1,33.6,6.5,37.4,6.7,R,83.4,92.6,No
42,19,1,37,10,25.5,6.9,0.143,0.195,0.207,3,0.67,5,122,1,85.4,3.5,18.6,3.1,30.9,8.3,R,68.2,90.2,No
72,46,5,85,25,29.7,8.7,0.179,0.253,0.259,16,1.99,16,175,4,83.3,10.4,20.2,2.3,27.2,6.4,R,65.1,95.6,Yes
5,30,9,13,10,12.5,9.6,0.333,0.722,0.413,19,8.69,23,49,5,92.1,18.9,46.2,14.1,47.4,8.7,R,48.7,90,No
34,22,5,40,15,28.2,10.6,0.183,0.358,0.289,11,2.75,13,94,1,86.8,24.9,27.7,7.2,36.1,8.7,L,40.4,92.2,Yes
47,32,5,40,30,21.1,15.8,0.213,0.373,0.374,23,5.22,26,82,1,84.6,12.6,37.8,8.1,25.2,4.6,R,92.9,91.9,No
41,42,6,44,12,23.5,6.4,0.244,0.407,0.294,17,3.45,30,126,4,91.6,17.1,33.1,6.2,44.1,8.7,R,50.1,94.9,Yes
7,21,3,23,14,19,11.6,0.2,0.324,0.306,7,2.15,7,75,0,92.6,23,41.5,12.2,52.4,6.6,R,48.1,93.8,Yes
16,43,7,41,12,24.4,7.1,0.279,0.461,0.327,23,5.26,18,122,1,91.2,11.6,39.1,12.2,43.5,9.3,R,56.3,90.1,No
28,15,2,40,25,28.8,18,0.144,0.231,0.345,9,2.59,11,113,1,86.9,5.3,30.3,6.1,42.4,6.2,R,51.7,95.2,Yes
56,55,9,58,30,23.4,12.1,0.256,0.428,0.351,39,6.16,39,148,2,92.3,10.2,31,6.3,45.6,7,L,47.5,92.7,No
6,26,2,23,10,19.7,8.5,0.245,0.415,0.316,11,3.71,11,69,1,88.6,10.7,30.1,9.6,41,8.6,L,51.7,90.8,No
49,42,5,52,18,26.4,9.1,0.241,0.408,0.315,16,3.13,30,142,4,89.1,15.4,32,7.2,36.8,7.7,R,49.4,96.5,Yes
13,58,11,62,20,22.5,7.3,0.233,0.47,0.287,31,4.25,33,177,3,90.1,14.5,36.1,9.4,41.4,7.9,R,68.1,93,No
23,102,20,113,41,23.2,8.4,0.232,0.42,0.299,58,4.53,54,353,6,88,11.8,32.9,9.4,33.8,7.5,L,40.7,91.6,No
60,41,8,84,20,37.8,9,0.206,0.357,0.284,23,3.79,24,173,2,89.8,18,23.3,9.5,41.4,6.9,R,49.8,95.8,Yes
38,23,3,29,12,19.7,8.2,0.178,0.287,0.259,12,3,13,108,2,88.4,24.9,31.1,4.9,28.2,7.9,R,37.5,89.1,No
40,30,4,30,15,19.5,9.7,0.226,0.376,0.325,14,3.53,22,102,3,89.1,11.4,27.9,6.7,36.5,6.9,R,70.7,94.7,No
31,137,24,175,65,26.5,9.8,0.234,0.417,0.313,78,4.53,76,453,2,89.7,16.7,33.4,8.2,40.4,8.2,R,51.9,94.8,Yes
71,61,4,91,28,29.7,9.2,0.223,0.328,0.297,20,2.42,31,212,0,88.3,14.6,33.5,8.1,36.8,6.8,R,33.4,95.3,Yes
27,127,15,159,39,25,6.1,0.218,0.348,0.278,55,3.15,49,428,0,87.6,12.5,32.9,6.5,33.2,9.4,R,73.2,91.9,No
13,29,6,19,17,17,15.2,0.309,0.543,0.411,22,8.74,22,68,1,90.5,20.8,39.5,9.2,36.8,7.8,L,70.9,89.1,No
53,51,5,40,22,17.9,9.8,0.258,0.404,0.339,21,3.71,24,146,3,86.7,6.7,29.6,6.3,38.2,6.8,R,70.5,94,Yes
23,89,20,84,34,21.2,8.6,0.253,0.491,0.325,61,6.06,54,311,3,89.2,14.9,35.5,10.3,38.5,7.3,R,51.5,90.7,No
71,45,4,64,19,24.1,7.1,0.186,0.273,0.248,14,1.83,21,155,0,87.7,12.7,31.5,6.1,33.7,7,L,73.5,92,No
23,28,2,30,15,21.9,10.9,0.237,0.331,0.328,12,3.52,13,80,0,85.8,26,27.8,5.6,23.3,6.8,R,47.5,93,Yes
27,14,0,21,19,19.6,17.8,0.175,0.2,0.355,12,4.44,7,74,2,84.4,16.5,29,3.2,22.6,5.5,R,38.7,92.6,No
32,162,25,114,75,17.1,11.2,0.281,0.485,0.362,95,5.78,90,436,4,89.8,11,36.2,9.1,43.3,4.3,R,60,87.8,Yes
52,69,7,73,20,24.6,6.7,0.256,0.378,0.316,23,2.97,38,170,4,86.7,12.1,33.2,6.5,35.2,5.5,R,45.6,95.6,No
15,32,10,18,11,17.6,10.8,0.364,0.784,0.431,22,9.9,28,50,2,94.7,21.2,40.3,15.3,50,9,R,58,94,No
69,53,5,78,29,26.7,9.9,0.206,0.284,0.295,28,3.6,33,245,4,87.1,-6.5,21,3.9,34.8,7.9,R,59,96,Yes
28,118,12,105,64,17.5,10.7,0.228,0.34,0.319,51,3.22,48,380,10,87.1,1.4,28.1,5,36,5.9,R,67.3,93.7,No
33,142,21,112,56,20.2,10.1,0.293,0.485,0.375,82,6.07,70,391,1,89.7,5.7,35,9.3,43.5,8.4,R,56.9,95.3,Yes
27,28,5,26,9,23,8,0.277,0.515,0.327,17,5.6,25,66,0,87.3,12.9,33.3,10.3,33.3,4.1,R,36.6,93.1,No
34,22,6,28,12,25.9,11.1,0.237,0.505,0.324,12,4.26,19,83,3,87.2,9.3,28.4,9,40.3,5.4,L,34.8,92.5,Yes
32,142,22,203,54,27.1,7.2,0.213,0.364,0.286,64,3.18,66,552,4,87.8,11.6,33.8,7.2,38.5,7.6,R,43.6,92.2,No
32,165,26,223,39,29.8,5.2,0.237,0.405,0.284,93,4.63,86,546,2,88.9,14.4,33.3,7.1,37.4,7.5,R,53.2,92.5,No
23,18,3,23,16,20.2,14,0.189,0.368,0.316,13,4.28,14,72,0,86.5,13.6,27.4,11,43.8,7.4,R,60.9,97.1,Yes
62,41,7,85,25,33.6,9.9,0.181,0.31,0.265,15,2.14,19,158,2,89.1,12.3,25.4,9.2,33.8,8.8,R,63.2,97.6,Yes
20,98,17,109,34,23.7,7.4,0.237,0.402,0.304,50,4.17,52,325,7,87.6,12.2,34.6,8.4,37.2,8.4,R,62.6,93.5,No
27,101,16,170,69,30.9,12.5,0.214,0.375,0.315,60,4.2,58,384,1,89.8,13.1,38,10.7,42.3,7.2,L,52.8,95.1,Yes
43,35,9,63,14,35.2,7.8,0.216,0.444,0.274,17,3.43,23,131,4,87.6,13.8,39.2,13.7,36.3,6.1,L,41.9,93.4,Yes
26,63,6,66,28,21,8.9,0.227,0.374,0.298,27,3.24,29,184,8,87.9,14.5,27.1,6.4,34.5,7.6,R,71,89.6,No
9,37,2,44,12,21.9,6,0.203,0.286,0.269,16,2.88,14,117,2,88.2,6.2,27.9,5,33.6,7,R,60.5,94.2,Yes
46,44,4,39,22,20.1,11.3,0.256,0.372,0.34,21,4.33,22,111,3,87.9,11.9,30.8,6.8,34.6,7.5,R,64.2,94,Yes
48,41,6,62,11,31.8,5.6,0.228,0.4,0.272,20,3.7,29,169,4,86.8,24,33.9,5.8,25.6,9.7,R,9.1,91.5,No
30,130,18,211,43,29.8,6.1,0.2,0.317,0.254,51,2.56,50,482,3,86.2,10.6,36,5.8,32.7,8.6,R,60.4,96.4,Yes
73,51,6,95,20,30.6,6.5,0.183,0.302,0.248,27,3.02,26,180,1,89,20.7,34.9,10.1,38.6,6.7,R,52.8,94.4,Yes
44,59,4,42,17,18.7,7.6,0.296,0.422,0.36,35,6.39,35,123,5,86.7,5.9,29.8,5,34.2,7.1,R,61.4,95.5,Yes
37,44,6,38,14,18.5,6.8,0.232,0.379,0.288,19,3.4,25,127,3,86.3,13.9,28.9,5.3,30.3,7.3,R,60.5,94.7,No
58,48,9,68,18,25.3,6.7,0.196,0.38,0.253,20,2.62,29,207,6,89.7,12.6,35.4,7.2,40.3,9.3,L,50,93.1,Yes
29,31,7,33,11,25.8,8.6,0.27,0.504,0.336,20,6.28,22,82,0,90,10.3,25.3,9.6,39.8,4,R,91.8,92.3,No
24,91,13,185,36,34.6,6.7,0.189,0.306,0.253,35,2.37,38,341,4,89.2,18.7,29.9,6.6,36.2,7.3,L,58.7,95.4,No
23,39,5,32,13,20.8,8.4,0.285,0.489,0.351,20,5.51,22,110,1,90.1,14.8,34.6,9.3,40.2,6.1,R,56.2,92.3,No
14,55,10,123,27,36.2,7.9,0.176,0.319,0.241,26,2.66,23,221,0,91.5,13,31.1,8.9,46.8,7.9,R,51.6,97,Yes
29,144,23,128,48,21.7,8.1,0.275,0.466,0.332,81,5.47,79,388,9,89.8,7.3,31.1,9.3,40.6,6.5,R,66.3,92.3,No
19,31,5,17,11,14.4,9.3,0.292,0.491,0.364,17,6.12,19,78,3,89.4,12.3,36,9,41.6,8,R,62.5,93.6,No
17,27,3,17,7,14.3,5.9,0.248,0.385,0.303,12,3.77,16,55,2,86.3,7.4,30.4,5.4,31.5,6.3,R,62.5,94,No
39,95,10,92,71,18.7,14.5,0.233,0.368,0.35,50,4.09,43,317,6,89.9,10.1,32,5.6,38.5,6.5,R,68.9,89.9,Yes
63,46,9,61,29,28.4,13.5,0.249,0.449,0.349,32,6.04,31,156,2,90.4,8.9,29.6,9.6,47.2,8.3,L,48.9,94.8,No
42,36,4,48,15,27.9,8.7,0.229,0.357,0.297,18,3.83,21,128,2,85.9,12.8,31.2,4.6,28.4,7.5,R,56.6,93.4,No
14,26,3,21,7,18.8,6.3,0.257,0.406,0.313,14,4.61,14,60,0,85.5,18.2,30.5,8.5,28,8.7,R,69,88.7,No
30,39,6,32,13,20.9,8.5,0.287,0.478,0.353,16,4.28,20,94,2,88.6,15.3,38.7,4.7,37.5,7.4,L,49.2,93.9,No
62,42,3,75,29,31,12,0.202,0.25,0.31,22,3.51,22,187,6,88.2,-10.9,14.2,2.2,41.7,7.6,L,69.8,94.6,No
23,133,20,105,38,20.4,7.4,0.284,0.471,0.34,58,4.33,54,340,1,88.4,11.4,34.5,8.2,35.3,5.5,L,40.2,91.4,No
34,28,6,31,14,20.9,9.5,0.214,0.389,0.297,16,4.04,14,108,0,83.7,13.9,31.7,6.9,28.7,9,R,24.3,86.5,No
54,34,7,60,32,30.2,16.1,0.211,0.379,0.347,28,5.6,24,137,1,87.3,13.4,29.8,8.7,30.8,5.4,L,43.3,93.4,No
46,41,6,55,19,28.2,9.7,0.237,0.399,0.313,18,3.5,25,140,0,89.2,9.7,37.5,8.3,38.3,7.5,R,54,93.8,Yes
26,125,30,134,26,22.7,4.4,0.224,0.427,0.263,59,3.62,58,346,5,87.9,20.3,37.1,10.1,37.8,8.5,L,47.9,92.8,No
64,71,8,60,21,22.2,7.8,0.293,0.455,0.348,30,4.38,35,139,2,90.5,12.9,33.2,7.5,39.6,7.9,R,65.8,97.1,No
9,49,11,39,19,19.9,9.7,0.28,0.589,0.352,28,5.77,27,125,0,91.1,17.1,38,13.1,46.7,7.9,R,49,92.9,No
28,139,15,158,41,23.7,6.1,0.227,0.353,0.28,56,3.04,54,430,5,86.5,6.1,31.2,6.3,34.3,8.1,L,50.4,93.8,No
20,26,3,24,13,20.7,11.2,0.265,0.429,0.362,19,6.66,15,68,1,89.3,7.8,32.9,11.8,43.4,6.5,R,65,90.7,No
57,58,6,63,38,21.1,12.8,0.229,0.34,0.332,26,3.42,31,182,6,87.5,7.2,25.8,4.6,36.6,5.4,R,62.1,95.6,Yes
31,145,27,201,52,27.9,7.2,0.219,0.394,0.276,70,3.53,63,431,4,87.7,18.3,37.4,6.7,34.2,8.7,R,43.9,93.8,No
32,195,23,125,42,16.3,5.5,0.275,0.424,0.32,84,4.24,83,426,10,89.3,16.2,35.9,7.3,39.3,8.6,L,59.9,90.7,No
27,16,2,30,9,29.7,8.9,0.176,0.275,0.248,7,2.45,7,67,1,90.1,12.2,35.5,4.8,27.4,10,R,57.4,96.3,Yes
47,34,6,76,18,39,9.2,0.2,0.371,0.287,23,4.4,25,161,3,86.5,20.4,44.3,6.2,35.1,7.7,R,41.2,95.1,Yes
29,132,23,121,31,22.9,5.9,0.27,0.467,0.316,70,5.05,66,274,3,89.9,13.3,39.8,10.5,43,8.8,R,64.3,92,No
32,165,21,176,64,23.3,8.5,0.242,0.389,0.308,88,4.4,83,444,4,88.9,5.2,32.5,5.3,39.3,8.6,R,52.9,94.7,Yes
56,38,5,53,20,24.5,9.3,0.202,0.346,0.296,15,2.52,23,137,1,89.2,12.2,34.3,7.3,36.5,6.6,R,40.4,96.2,Yes
64,48,4,61,28,24,11,0.216,0.311,0.307,22,3.18,26,193,3,91.4,10.3,28.2,5.5,45.4,6.3,R,50.9,92.5,No
20,28,4,25,13,22.1,11.5,0.28,0.48,0.363,13,4.74,11,76,0,91.4,13.3,42.7,10.7,42.7,6.6,R,40.2,91.4,No
53,35,3,61,20,27.5,9,0.18,0.253,0.284,11,1.77,18,155,4,87.4,6.2,32.3,5.3,35.3,7.6,R,71.5,96.6,Yes
57,37,2,50,22,22.8,10,0.195,0.268,0.274,9,1.51,12,126,6,88.5,11.4,27.6,4.1,40,6.1,R,72.4,93.7,No
62,52,5,58,17,21.7,6.4,0.214,0.333,0.273,15,2,20,177,1,90.7,16.3,30.3,5.3,38,9,R,65.6,94,Yes
68,70,9,86,33,25.5,9.8,0.233,0.367,0.309,32,3.63,34,224,2,89,13.5,34.1,6.9,36.9,6.8,R,48.4,93,Yes
61,72,9,69,24,22,7.7,0.252,0.402,0.31,25,3.07,38,193,9,85.5,7.6,30.6,5.9,34.7,7.5,L,76.8,87.4,No
49,57,10,59,28,23.8,11.3,0.266,0.467,0.347,34,5.34,38,146,1,88.6,15.4,40.6,11.3,41.3,6,R,73.1,93.4,Yes
69,48,7,77,43,25.4,14.2,0.189,0.299,0.32,27,3.45,25,219,3,86,8.5,34.5,6.8,33.9,5.9,R,42.8,98,No
65,28,1,76,35,31.5,14.5,0.159,0.244,0.361,24,4.1,20,185,4,85.7,20.1,38.7,5.7,24.5,7.3,R,13,94,Yes
59,51,8,63,25,23.2,9.2,0.21,0.366,0.28,22,3.05,36,173,4,92.1,14.5,33.9,8.2,49.2,7.8,R,59.5,97,No
40,129,16,121,47,19.6,7.6,0.234,0.373,0.3,48,2.89,46,370,7,87.6,12.2,31.4,6.8,34.5,6.3,R,77,92.3,Yes
55,45,9,61,32,26.2,13.7,0.227,0.429,0.339,18,3.06,22,111,6,89.5,11.3,29,10.9,42.8,5.2,R,45.5,96,Yes
69,46,9,95,52,30,16.4,0.176,0.294,0.315,26,3.24,36,193,6,87.2,17.7,32.1,4.8,34.5,7.7,R,54.5,96.6,No
21,27,5,29,18,22.7,14.1,0.25,0.435,0.352,15,4.71,21,85,1,92.1,12.6,44.4,13.6,53.1,8.3,R,82.9,93,Yes
20,32,5,30,11,23.8,8.7,0.286,0.482,0.357,22,6.99,24,67,3,91,13.4,31.3,8.4,45.9,6,R,64,92.6,No
24,105,19,123,41,24.5,8.2,0.233,0.43,0.301,54,4.07,51,354,1,90.1,19,37.5,9.3,42.3,7.3,R,58.8,92.9,Yes
18,116,15,99,16,22.4,3.6,0.276,0.461,0.305,49,4.17,47,292,3,87.9,11.9,33,6.8,39.2,6.4,R,54.4,92.6,No
33,149,19,212,52,26,6.4,0.199,0.329,0.254,57,2.47,57,570,4,88.2,11.1,29.2,6.8,37.1,7.6,R,68.1,94.4,No
9,52,8,26,10,14.9,5.7,0.319,0.534,0.366,25,5.87,24,120,1,90.5,9.7,32.8,8.8,51.1,5.6,R,73.6,89.6,No
34,28,3,33,21,21.9,13.9,0.224,0.32,0.331,10,2.45,15,96,1,91.1,5,25,3.1,47.9,8.8,R,90.4,91.1,Yes
28,122,13,185,76,27,11.1,0.205,0.324,0.304,57,3.16,46,552,2,89.8,5.1,25.9,5.3,40.7,7.6,R,35.5,93.8,No
32,137,16,87,34,16.8,6.6,0.291,0.451,0.344,67,5.07,56,355,8,88.3,7.8,33.2,4.9,39.3,6,R,60.1,89,No
64,42,5,68,47,27.1,18.7,0.213,0.325,0.382,26,4.2,23,200,4,87.6,0.6,31.8,3.9,43.3,7.7,L,96.6,98.5,Yes
63,43,3,89,23,34.6,8.9,0.195,0.285,0.292,24,3.45,27,146,3,87.6,17.2,33.8,5.1,26.5,7.1,R,62.2,98.8,No
32,159,22,204,45,26.1,5.8,0.223,0.38,0.28,75,3.52,77,583,8,88.4,12.4,36.6,9.1,38.3,8,R,56.3,93.9,No
27,24,5,29,14,22.8,11,0.214,0.411,0.307,12,3.56,12,86,3,88.9,11.9,43.4,7.2,39.8,8.5,R,57.3,90.9,No
43,77,9,65,27,20.3,8.4,0.27,0.439,0.338,35,4.33,47,210,5,89.3,8.8,36.6,7.6,42.9,7.6,R,47.1,93.8,No
60,61,13,61,17,23.6,6.6,0.261,0.487,0.31,35,5.05,37,178,3,91.9,8.6,36,11.8,51.1,7.1,R,66.3,91.8,No
61,44,2,57,20,25.8,9,0.226,0.349,0.294,22,3.78,21,144,5,86.7,11.8,31,4.2,35.2,8.8,L,86.6,92.5,No
58,55,4,34,22,15.9,10.3,0.296,0.409,0.383,28,5.6,24,136,4,89.7,0.6,29.4,5.9,40.5,6.7,L,65.8,92.3,No
42,96,17,92,42,20.9,9.5,0.247,0.424,0.32,54,4.66,49,305,4,88.5,15.7,37.3,7.9,38.3,8,L,67.8,94.7,No
25,23,4,32,8,29.4,7.3,0.237,0.433,0.312,13,4.74,13,81,2,89.8,13.9,24.2,12.1,47,8.1,R,51.4,95.2,No
40,65,12,43,27,17.5,11,0.307,0.538,0.386,38,6.58,53,132,5,90.2,9.9,38.2,9.2,39.9,7.3,L,62,88.8,No
26,125,14,152,39,26,6.7,0.236,0.372,0.308,59,3.83,52,434,4,89.7,7.1,33.1,5.3,40.5,8.3,L,46.4,91.8,No
48,47,9,47,29,21.7,13.4,0.26,0.475,0.369,40,7.55,41,136,2,87.3,13.9,32.8,8.8,35,5.1,R,48.8,94.1,No
23,17,3,42,13,32.8,10.2,0.152,0.25,0.258,8,2.14,15,132,0,87.7,12.1,31.4,10,37.1,8.7,R,32.1,96.8,Yes
52,46,7,46,30,20.6,13.5,0.243,0.397,0.341,29,4.83,34,151,3,89.4,11.5,25.2,9.5,38.5,6.6,R,50.3,94.1,Yes
31,28,7,41,16,24.8,9.7,0.192,0.397,0.279,11,2.4,12,91,2,89.5,19.3,33,9.4,40.6,8,R,87.9,92.4,Yes
63,52,7,69,32,26.8,12.5,0.234,0.383,0.327,26,3.97,27,143,3,91.1,15,34,5.1,41.7,5.7,R,54.5,96.7,Yes
64,43,6,72,27,27.3,10.2,0.183,0.294,0.273,21,2.88,24,199,3,91.7,18,36.2,8.6,45.4,7.8,R,65.3,96.6,Yes
62,61,7,49,23,17.1,8,0.245,0.394,0.317,33,4.39,52,195,2,87.6,0.9,25,6.3,38,9.3,R,83.4,92.9,No
14,25,6,20,17,17.9,15.2,0.266,0.468,0.384,16,5.92,16,59,0,90.4,19.9,32.4,8.1,40.5,7.3,R,75,94.6,No
33,181,19,192,75,23.9,9.3,0.255,0.402,0.328,83,3.98,83,459,11,87.7,4.2,28.7,4.5,36.9,6.6,R,52.1,97.2,Yes
45,87,10,71,24,20.2,6.8,0.274,0.42,0.339,34,3.76,42,220,6,88.9,10,29.4,6.9,34.3,7.1,R,25.3,89.9,Yes
28,178,12,105,32,15.7,4.8,0.287,0.421,0.327,77,4.42,71,393,7,90.4,8.1,30.7,5.9,42.7,9.1,R,56.1,94.6,Yes
11,54,13,53,14,23.6,6.2,0.265,0.529,0.316,24,4.18,26,146,2,90.2,17.5,32.9,11,39.4,9.4,R,53.3,90.9,No
25,31,8,46,19,26.7,11,0.204,0.434,0.291,17,3.64,19,137,2,89.8,11.3,33.6,8.4,42.3,7.5,R,44.9,94.4,Yes
62,42,10,104,24,39.4,9.1,0.176,0.339,0.25,22,3.06,23,191,2,88.3,20.9,34.8,12.6,40.9,9.1,R,58.4,92.3,No
31,185,19,125,40,16.9,5.4,0.268,0.414,0.309,72,3.61,73,426,2,89.5,11.6,32.3,6.1,38.3,7.4,R,69.1,91.2,No
60,25,3,102,24,45.5,10.7,0.127,0.193,0.228,8,1.23,11,142,0,87.5,22,40.6,6.3,30.2,6.2,L,65.5,96.4,Yes
16,24,4,22,17,15.6,12.1,0.202,0.37,0.305,16,4.19,15,78,0,87.8,9,28,6,32,5.7,R,45.4,92.7,Yes
39,73,4,107,33,25.6,7.9,0.194,0.255,0.266,16,1.36,22,271,4,86.7,4.4,23.8,2.2,30.9,5.5,L,67.9,93.2,Yes
32,48,9,55,31,22.6,12.8,0.233,0.408,0.333,20,3.38,25,151,2,89.9,12.6,29.2,7.8,44.8,8.6,R,73.7,92.5,No
44,32,3,33,19,21.3,12.3,0.244,0.359,0.348,14,3.57,25,95,0,82.4,3.3,35,6,26,7.4,L,55.3,94.3,Yes
20,42,10,55,13,24.8,5.9,0.205,0.42,0.248,22,3.43,26,142,5,89.5,12.6,37.7,9.1,39.5,7.4,R,57.5,95.8,No
21,106,16,113,32,24.9,7.1,0.258,0.433,0.32,55,4.66,46,261,5,87.7,15,36,6.3,36.3,6.9,R,31.2,90.5,Yes
65,53,11,103,12,37.7,4.4,0.207,0.367,0.242,20,2.57,26,172,5,86.2,13.9,33.1,8.9,33.8,7.9,R,44.6,96.4,Yes
32,151,19,195,38,26.2,5.1,0.219,0.349,0.263,61,2.96,61,517,6,86,15.5,31.7,5.3,30.3,8.7,L,48.4,94.1,No
26,126,25,111,57,21.2,10.9,0.276,0.501,0.361,71,5.48,72,325,4,88.8,13.7,33.4,9.4,37.1,6.6,R,46.7,93.5,No
68,64,9,68,34,23.1,11.6,0.251,0.404,0.34,26,3.55,50,204,13,88.9,9,29.1,7.4,39.2,8.7,R,68.4,95.6,No
32,179,25,194,41,25.7,5.4,0.255,0.415,0.304,78,3.91,75,484,1,90.2,13.3,34.5,8,41.2,8.9,L,60,92.1,Yes
29,112,25,128,34,24.7,6.6,0.236,0.439,0.291,64,4.58,59,327,2,89.3,10.8,33.8,9.9,38.1,8.3,R,52,93.4,Yes
20,89,11,115,26,27.5,6.2,0.233,0.385,0.292,35,3.07,32,268,2,86.7,9.2,33,7.4,33.3,5.9,R,57.9,93.4,No
41,106,16,87,28,19.3,6.2,0.255,0.429,0.306,45,3.81,43,280,2,88.4,18,33.4,8.4,39.2,6.8,L,72,88.2,No
16,36,4,19,12,15.3,9.7,0.33,0.514,0.403,22,8.49,34,63,8,90.6,19.2,29.7,6.6,44,8.5,R,36,93.2,No
57,36,7,59,19,28.5,9.2,0.197,0.35,0.28,16,2.81,13,129,2,90.4,12.1,23.8,7.9,39.7,11.2,R,64.3,93.9,Yes
39,44,6,42,21,23.7,11.9,0.288,0.503,0.373,26,6.56,31,107,4,88.7,22.6,40.7,10.6,36.3,8.9,L,70.9,92.4,Yes
72,45,7,76,37,27.3,13.3,0.197,0.345,0.317,26,3.66,27,188,6,89.3,7.7,34.8,8.2,38.1,6.6,L,59.8,96.9,Yes
56,47,6,50,18,21.3,7.7,0.221,0.362,0.281,22,3.43,25,107,5,85.9,15.5,26.5,5.4,31.3,7.5,R,64.4,93.8,Yes
22,75,14,103,25,27.5,6.7,0.217,0.386,0.273,30,2.9,27,249,2,89,23.7,33.2,7.4,36.1,6.3,L,70.2,88.9,No
27,126,13,114,43,22.3,8.4,0.275,0.427,0.344,59,4.51,55,354,2,89.2,6.7,31.4,8.1,43.5,7.3,R,60.7,89.8,Yes
37,43,9,40,13,23,7.5,0.274,0.478,0.333,26,6,30,109,1,90.3,21.3,37,9.2,44.5,6.7,R,66.9,93.4,Yes
24,32,1,26,12,21.5,9.9,0.308,0.423,0.388,20,7.11,13,66,0,89.5,14.8,36.3,5,33.8,8.3,R,48.1,95.9,No
36,33,8,35,16,24.6,11.3,0.268,0.528,0.352,21,5.97,25,86,2,91.8,13.7,41.1,11.1,44.4,6.7,R,44.8,96.3,Yes
52,34,6,57,35,27.1,16.7,0.206,0.388,0.367,30,5.96,26,116,3,89.2,22.6,26.4,7.3,33.6,8.3,R,54,94.7,Yes
11,38,7,39,18,25,11.5,0.281,0.519,0.378,21,5.61,20,88,1,86.7,7.3,46.9,8.3,33.3,7.7,L,69.2,93.5,No
26,158,18,120,64,19.6,10.4,0.297,0.457,0.374,80,5.39,80,383,9,90,7.9,37,10.9,45,7.1,R,58.9,93.9,Yes
70,59,12,68,26,23.1,8.8,0.223,0.424,0.295,37,4.73,51,153,0,89.2,18,32.7,6.5,35.7,8.3,R,43.2,95.9,Yes
28,73,13,75,42,21.5,12,0.252,0.445,0.355,43,4.82,45,242,7,88.6,11.5,32.3,7.2,37.2,8.4,R,38.4,94.2,No
24,94,16,117,41,23.9,8.4,0.215,0.356,0.28,42,3.19,45,306,4,89.8,18.2,37.1,8.2,37.1,8.1,L,62.1,91.9,Yes
63,46,7,63,24,25,9.5,0.207,0.374,0.286,20,2.92,28,128,4,90.4,12,29.4,8,46,7.7,R,57.8,94.9,Yes
33,158,24,210,64,27.7,8.4,0.234,0.396,0.306,75,3.75,67,570,3,88,13.1,32.2,6.3,34.9,5.9,R,57.5,93.5,No
61,40,5,57,12,27.1,5.7,0.206,0.309,0.262,20,3.4,24,152,1,86,2.6,25.4,3.6,32.6,7.6,L,71.2,94,Yes
27,21,5,35,14,27.3,10.9,0.188,0.357,0.289,14,4.2,15,88,0,85.8,20.2,31.2,6.5,32.5,7.2,R,31.3,91,No
32,30,2,24,19,17.1,13.6,0.252,0.37,0.364,17,4.94,18,61,3,88.9,18.1,37.9,9.5,31.6,7.4,R,57.7,95.4,No
25,31,3,29,10,22.7,7.8,0.272,0.412,0.352,16,5.14,15,74,2,90.6,6.9,36.5,7.1,45.9,9.7,R,65.6,96.6,No
20,92,20,96,19,25.3,5,0.258,0.489,0.296,43,4.19,41,249,2,89.1,19.7,36.1,9.5,42.2,7.9,R,58,92.3,No
67,56,16,69,18,26.2,6.8,0.231,0.512,0.289,34,4.83,37,142,1,90.4,26.5,42,13.8,45.4,7.2,R,98.9,91.7,Yes
6,32,7,22,14,14.6,9.3,0.241,0.436,0.318,13,3.28,13,84,0,89.6,17.8,38.9,9.7,42.5,6.9,L,51.4,90.5,No
29,22,1,19,10,17.4,9.2,0.229,0.354,0.312,13,4.56,13,55,1,87.9,3.4,26.9,5.1,35.9,6.3,L,56.5,93.7,No
30,19,2,20,13,17.2,11.2,0.19,0.27,0.293,11,3.38,9,69,0,88.6,13.9,24.7,6.2,38.3,7.7,R,64.7,96.3,No
29,43,6,25,15,16.8,10.1,0.326,0.545,0.396,24,6.97,30,88,0,88.3,5,25.9,6.5,40.7,7.2,R,57.5,91.7,No
24,86,10,36,15,12,5,0.308,0.523,0.349,45,6.01,46,198,1,89.3,10,38.6,7.3,41.1,8.2,R,67.8,91.6,No
60,48,5,73,23,28.4,8.9,0.207,0.319,0.276,19,2.7,23,155,1,88.1,14.9,29.2,8.1,39.8,6.9,R,51.1,93.2,Yes
51,38,6,41,22,21.8,11.7,0.233,0.399,0.319,15,3.16,24,110,4,84.5,16.7,32,7.2,28.8,5.9,L,72.5,93.1,No
71,58,5,67,34,21.6,11,0.216,0.31,0.31,26,3.18,22,185,6,87.4,9.8,31.4,7.8,33.8,6.5,R,76.1,95.2,No
23,65,14,73,37,22.9,11.6,0.241,0.456,0.342,34,4.35,35,198,4,89.9,17.8,38.6,9.4,45,8,R,66.5,92.6,Yes
58,36,5,87,28,38.5,12.4,0.186,0.294,0.292,15,2.5,18,162,2,85.7,11.4,33,5.5,28.4,6.4,R,36.2,94.8,Yes
30,163,25,117,27,17.9,4.1,0.267,0.457,0.305,88,5.11,90,444,8,84.8,17.3,37.6,7.8,28.2,6.2,L,53.9,83,Yes
62,46,7,76,40,27.5,14.5,0.198,0.319,0.315,24,3.39,31,198,6,89.1,11.1,26.4,6.9,35.8,8,L,62.4,98.2,Yes
57,56,3,69,16,24.4,5.7,0.215,0.281,0.265,17,2.17,20,162,2,84,1.5,20.5,3.1,24.1,8.5,R,58.8,98.3,Yes
13,70,8,35,19,14,7.6,0.307,0.474,0.364,29,4.61,29,149,0,90,14.2,36.6,6.2,41.8,6.8,R,55.2,93,No
28,84,14,195,56,33.6,9.7,0.165,0.3,0.26,45,2.81,45,396,2,86.6,21.4,33.3,6,31.8,7.9,R,53,93.4,No
55,48,4,46,32,19.4,13.5,0.24,0.34,0.35,26,4.28,29,137,5,87.8,9,34.6,5.8,35.5,5.2,R,48.7,95.4,No
7,33,3,19,12,15,9.4,0.292,0.504,0.362,18,5.86,18,72,0,89.1,10.5,30.5,9.5,44.2,6.8,L,53.4,90.7,No
72,61,2,51,16,17.8,5.6,0.234,0.31,0.294,18,2.26,27,165,6,87.9,6.4,27.4,3.8,38.2,9.5,R,67.9,87,No
11,37,6,49,29,22.5,13.3,0.201,0.332,0.321,21,3.75,18,137,0,89.4,20,33.1,8.8,37.5,8.3,R,51.7,93.7,No
52,37,3,60,35,27.9,16.3,0.213,0.282,0.353,32,6.08,22,166,2,88.4,11,27.6,6,34.5,7.3,L,54.5,92.8,No
67,57,14,99,17,31.4,5.4,0.193,0.386,0.235,29,3.12,37,189,3,89.1,24.9,30.7,11.1,43.7,7.6,R,65.5,95.7,No
18,82,23,65,29,18.1,8.1,0.256,0.538,0.322,58,6.37,61,222,4,90.8,19.8,33,12.6,43.7,8.8,R,45.9,92.6,No
80,74,5,55,13,16.9,4,0.243,0.328,0.282,20,2.22,24,214,3,85.4,4.6,22.5,2,32,9.4,R,57.2,82.7,Yes
33,171,21,201,50,24,6,0.223,0.365,0.276,73,3.19,75,451,12,87.6,4.5,29.9,6.1,39.4,7.9,R,49.8,97.8,Yes
50,54,3,51,24,20.7,9.8,0.254,0.362,0.35,25,4.12,35,142,4,86.1,3.7,24.5,6.1,33.1,6.9,R,67.7,95.4,Yes
11,53,10,26,16,13.2,8.1,0.299,0.52,0.365,32,6.75,30,153,0,89.6,18.4,36.8,8.6,47.4,8.8,L,50.8,88.5,No
48,29,5,54,31,29.7,17,0.203,0.343,0.357,15,3.38,20,146,2,88.2,10.9,34.8,5.4,38,7.4,L,74,94.8,No
17,60,13,47,24,19.7,10.1,0.286,0.538,0.366,48,8.25,42,159,0,91,8,31.1,8.5,45.7,7.2,R,58.2,92.7,No
39,48,10,32,25,16.7,13,0.294,0.552,0.391,33,7.55,33,96,5,92.4,15.3,34.6,15,49.6,8.3,R,55.8,94,Yes
31,35,4,36,18,22.4,11.2,0.254,0.406,0.348,23,5.75,28,95,3,89.7,11.7,31.7,6.7,40.4,6.4,R,45.3,95.7,No
22,57,6,62,24,22.5,8.7,0.236,0.355,0.316,25,3.55,23,181,4,88.7,7.6,35.2,7.7,43.4,8.8,R,77.2,92.8,No
21,108,23,99,31,19.9,6.2,0.236,0.443,0.287,53,3.84,51,313,3,88.3,12.1,33.8,8.2,39.3,7,R,57.9,89.9,No
5,32,5,20,9,19,8.6,0.34,0.702,0.39,18,7.25,17,56,1,90,17.1,42.1,7.9,34.2,6.7,R,63.2,91.9,No
26,20,2,38,15,34.5,13.6,0.213,0.33,0.327,13,4.56,11,82,1,86,14.4,33.9,10.7,48.2,6.8,L,73.3,93.6,No
41,37,7,33,12,18.9,6.9,0.228,0.383,0.28,17,3.59,20,98,3,88.1,7.8,26.2,6.2,39.2,8,R,64.9,94.3,Yes
71,52,3,77,36,26,12.2,0.209,0.309,0.314,29,3.73,40,176,2,88.3,13.2,28.7,5.6,34.8,6.9,L,64.4,97.7,No
61,40,9,75,17,32.2,7.3,0.194,0.354,0.266,18,2.78,25,162,5,88.6,10.3,25.7,7.4,38.6,6.6,R,33.7,94.7,No
23,22,6,24,15,19.5,12.2,0.206,0.411,0.301,15,4.5,22,79,1,90.4,15.7,33.3,8.3,39.3,7.8,R,62.3,93.7,Yes
28,27,8,35,19,22.4,12.2,0.206,0.435,0.314,21,5.15,25,108,0,83.8,9.3,37.4,8.1,29.3,5.8,R,49.1,97.9,Yes
9,46,4,20,16,11.4,9.1,0.303,0.454,0.377,25,5.92,25,106,2,90.5,16.1,37,6.7,40,7.9,L,44.1,89.8,No
28,48,5,46,21,21.1,9.6,0.254,0.381,0.33,25,4.5,28,138,4,87.2,10.4,33.8,4.7,34.5,8.7,R,61.5,93.4,No
14,65,14,62,28,22.4,10.1,0.264,0.5,0.339,39,5.6,38,141,2,89.6,16.8,32.4,9.2,39.5,7.6,R,40.8,93.5,Yes
32,139,20,226,68,31.9,9.6,0.223,0.364,0.305,72,3.91,70,458,5,89.2,18.5,37,9.9,38.8,6.8,R,46.8,96.7,No
42,41,5,48,15,25.9,8.1,0.247,0.373,0.319,19,4.04,23,113,2,86.4,4.1,27.7,6.7,37,6.7,R,73.3,98,No
29,24,4,28,12,23.9,10.3,0.235,0.431,0.316,15,5.13,18,78,2,85.2,14.4,39.5,9.2,35.5,7.8,L,52,93.6,No
55,36,5,53,33,22.6,14.1,0.183,0.32,0.295,17,2.73,23,123,6,89,19.4,29.7,8.1,39.9,5.3,R,51.6,93.1,No
17,57,12,85,26,26.4,8.1,0.199,0.364,0.276,28,3.22,30,224,7,89.8,13.4,38,9.3,41.5,6.9,R,56.8,93.3,Yes
9,28,4,25,13,15.9,8.3,0.2,0.343,0.268,14,3.15,16,87,3,88.9,17.4,25.4,6.8,33.9,8,L,86,87.9,No
47,33,5,44,23,23.8,12.4,0.208,0.327,0.308,16,3.38,17,113,2,84.2,13.6,28.2,4.3,23.1,7.1,L,63.1,93.3,Yes
32,30,7,31,14,24,10.9,0.268,0.545,0.357,20,6.35,24,82,4,86.4,15.7,41.5,13.4,36.6,6.5,R,59.4,94.7,No
30,90,10,68,32,21.4,10.1,0.318,0.491,0.384,51,6.68,51,185,3,89.1,10.9,33.9,9.6,42.7,6,L,50.7,94.3,No
31,70,12,79,45,23.6,13.4,0.248,0.436,0.358,37,4.56,38,212,4,89,15.4,35.9,7.3,39.8,7.1,R,56,94.3,No
13,23,3,36,26,22.8,16.5,0.177,0.315,0.31,16,4,15,128,3,88.5,15.2,31.3,8.3,31.3,6.6,R,45.6,95.5,No
18,57,4,87,21,30.5,7.4,0.223,0.313,0.295,27,3.52,24,195,5,87.2,10,31,8.2,35.1,7.6,R,55.5,94.1,No
23,131,10,92,49,19.6,10.4,0.322,0.477,0.398,69,6.17,63,300,0,91.5,11.5,40.1,6.8,47.5,7.3,R,56.7,93.8,Yes
44,54,9,103,24,36.1,8.4,0.21,0.374,0.277,27,3.5,25,218,0,88.3,18.6,31.2,8.9,35.7,7.6,R,64.4,97.3,Yes
36,37,5,39,16,24.1,9.9,0.259,0.42,0.346,16,4.04,25,91,2,93.9,11.5,35.6,13.5,52.9,6.7,R,45.4,96.4,No
66,67,5,42,14,15.9,5.3,0.272,0.374,0.307,22,3.18,37,141,9,88,5.9,26.9,3.4,33.7,8.3,L,54.4,93.3,No
28,36,7,30,8,26.1,7,0.343,0.619,0.391,22,8.37,24,74,2,91.4,16,34.2,10.5,47.9,8.4,R,66.8,96.4,No
18,88,19,99,27,26.1,7.1,0.255,0.467,0.309,45,4.52,45,228,1,89.7,13.7,30.4,10,42,8,R,57.6,94.6,No
30,150,19,162,51,24.5,7.7,0.25,0.38,0.307,67,3.83,66,379,6,87.9,12.1,35.4,7.4,36.5,6.6,L,52,91.1,No
32,28,1,43,27,28.7,18,0.235,0.336,0.38,17,4.73,21,92,0,87.1,10.4,34.6,2.6,34.6,6.5,L,83.5,93.1,Yes
15,64,11,69,29,24,10.1,0.255,0.454,0.341,41,5.54,35,183,3,90.4,10.3,38,9.8,42.9,7.2,L,58.6,92.5,No
35,57,5,73,25,23.8,8.1,0.204,0.307,0.267,24,2.84,26,216,3,91.4,8.8,30.1,5.7,50.2,7.8,R,65.2,97,Yes
62,48,6,70,37,27.9,14.7,0.234,0.351,0.363,31,5.17,36,161,3,90.1,5.3,33.3,5.1,35.5,5.7,L,48.4,96.7,Yes
21,105,14,63,43,16.4,11.2,0.316,0.515,0.397,61,6.83,62,246,8,92.9,10.2,32.1,11.7,47.1,8,L,47.1,92.3,No
20,50,12,59,27,23.8,10.9,0.233,0.437,0.331,27,4.26,27,167,2,87.9,8.3,29.3,5.7,35,8.2,L,65.9,93.1,No
33,28,5,35,10,24.3,6.9,0.212,0.402,0.271,13,3.31,16,67,5,87.7,22,30.6,8.2,30.6,9,R,59.9,94.7,No
61,45,2,60,23,28.7,11,0.246,0.322,0.34,18,3.4,23,111,0,88.5,12,37.4,8.9,44.7,7.2,L,48.8,94.5,Yes
36,26,3,37,9,27.6,6.7,0.211,0.366,0.276,9,2.38,15,95,2,86.1,7.2,33.7,10.5,36,10.8,R,60.7,90.2,Yes
11,43,11,48,22,22.2,10.2,0.234,0.446,0.329,25,4.5,27,148,3,91.8,11.3,30,9.3,48.6,8,R,51.6,92.8,No
16,74,14,35,19,13.7,7.5,0.322,0.596,0.373,49,8.07,49,151,1,90.7,17.1,38.2,11.1,38.2,6.1,R,77.5,89.2,No
34,38,4,33,14,21.6,9.2,0.279,0.441,0.346,16,4.19,27,73,6,87.4,14.2,40,7.6,29.5,5.6,R,44.5,94.1,Yes
6,32,2,28,8,25.2,7.2,0.32,0.49,0.378,24,9.26,22,84,0,88.8,9.8,41.1,8.2,37,10.9,R,48.9,92.6,No
27,128,9,158,36,26.5,6,0.234,0.332,0.289,50,3.03,48,410,3,88.1,-0.5,28.2,5.6,38.8,6.5,R,48.7,92.8,No
78,51,9,56,23,22,9,0.23,0.387,0.314,24,3.62,35,167,10,87.4,2.8,22.9,7.6,38.8,9.5,L,84.3,91.6,No
5,16,4,30,5,30,5,0.168,0.347,0.21,12,4.05,12,72,0,87.1,24.6,32.3,10.8,30.8,8,R,65.8,91.2,Yes
22,48,6,57,22,27.3,10.5,0.262,0.415,0.344,23,4.4,19,129,1,86.9,16.1,36.7,10.9,35.2,6,R,47.7,95.5,No
23,98,15,156,44,29.3,8.3,0.207,0.351,0.285,46,3.18,36,323,2,88.4,11.7,31.9,7.1,39.9,9.2,R,56.2,93.7,Yes
12,42,9,25,16,15.6,10,0.296,0.535,0.369,22,5.6,25,82,2,89.7,13.6,38.1,14.4,42.4,6.6,L,45.8,89.9,No
20,25,5,21,12,18.8,10.7,0.255,0.449,0.339,15,5.4,15,72,1,89.8,20.5,25.6,6.4,39.7,6.5,R,64.2,95.4,No
18,76,14,100,25,26.9,6.7,0.224,0.418,0.282,41,4.05,40,258,1,90.7,7.7,34.2,9.1,43.6,6.4,R,45.1,96.5,No
23,85,11,85,36,20.6,8.7,0.23,0.382,0.303,41,3.75,39,270,4,87.4,9.9,31.6,6.3,35.1,5.9,L,47.7,92.6,No
34,34,2,27,13,18,8.7,0.26,0.389,0.347,17,4.59,13,93,1,85.9,-1.1,28.8,2.9,33.7,10.7,R,69,99.4,Yes
33,43,8,48,18,27.7,10.4,0.291,0.534,0.376,25,6.37,33,88,7,88.9,17.6,31.1,13.6,40.8,9.2,R,68.4,94.8,Yes
59,45,10,61,13,26.6,5.7,0.214,0.381,0.262,26,3.92,28,125,3,86.9,11.7,30.7,9.2,37.3,7.8,R,43.3,97.4,No
22,115,20,88,46,17.7,9.3,0.263,0.469,0.333,60,4.74,54,309,1,88.9,13.7,28,8.4,38.7,6.8,R,47.4,93.2,Yes
71,51,2,74,16,26.5,5.7,0.195,0.24,0.24,10,1.29,13,141,8,86.4,-0.2,20.1,1.6,29.6,6.6,R,70.2,100.2,No
6,20,4,38,19,29.5,14.7,0.183,0.303,0.31,10,3.07,6,77,1,89.8,23,35.2,7,39.4,6.2,R,53.4,96.1,No
37,54,12,52,16,24.1,7.4,0.278,0.536,0.343,26,4.78,26,146,7,90.4,14.1,34.7,11.8,47.2,7.1,R,60.7,92.5,No
38,29,6,42,25,27.8,16.6,0.238,0.459,0.377,26,7.39,27,91,1,91.9,23.4,34.6,12.3,46.9,7.5,R,64.7,96.3,No
29,121,22,114,59,20.5,10.6,0.248,0.444,0.336,64,4.43,61,382,3,88.8,9.1,34.8,9,39.6,7.3,L,52,90.9,No
32,128,29,104,31,19.5,5.8,0.258,0.474,0.305,75,5.41,76,349,5,89.8,15.2,34.7,10.6,39,8.8,L,72.1,89.7,Yes
25,84,21,136,58,27.5,11.7,0.194,0.383,0.293,66,4.95,56,291,0,90.3,21.6,36.2,9.7,42.3,6.7,R,61.6,92.1,No
14,58,12,37,17,16.7,7.7,0.291,0.518,0.356,35,6.26,31,143,4,90.2,8.8,35.4,10.4,45.1,6.5,L,43.8,92.6,No
30,130,24,118,41,19.3,6.7,0.234,0.418,0.297,62,3.71,60,411,2,89.1,9.3,33,10,40,9.2,R,52,93.6,No
25,120,14,141,37,27.3,7.2,0.252,0.389,0.308,47,3.43,43,325,2,91.7,8.5,36.8,10.7,45.7,7.3,L,40.9,96.4,No
22,34,5,34,6,24.5,4.3,0.262,0.423,0.302,21,5.61,21,97,0,88.6,15.5,33,6.2,35.8,7.9,L,67.9,91.8,Yes
26,34,7,56,21,29.5,11.1,0.217,0.401,0.326,14,2.91,17,137,1,89.1,17.9,34,7.5,37.7,6.7,R,47,95,No
8,31,4,21,23,13.4,14.6,0.246,0.405,0.376,18,4.54,17,95,0,88.9,17.9,33.3,8.3,36.1,7.5,R,47.2,91.7,No
15,80,9,55,31,17.7,10,0.295,0.465,0.37,43,5.69,37,171,3,90.7,14.5,33.5,10.4,44.3,7.4,L,52.3,93.7,No
12,23,2,20,20,15.5,15.5,0.221,0.365,0.349,16,4.97,15,67,0,91.4,16,27.6,8,50,9.1,R,70.2,92.5,No
26,66,7,50,25,17.1,8.5,0.261,0.403,0.338,30,3.99,43,198,2,90.3,13.2,32.4,5.7,41,8.7,R,59.2,91.7,No
25,24,4,33,16,27.5,13.3,0.238,0.416,0.342,15,5.13,19,69,1,89.5,27.6,41.4,4.3,30,5.7,R,85.2,89.5,No
17,69,11,94,36,25.9,9.9,0.215,0.349,0.3,35,3.62,28,229,3,85.4,6.3,29.3,6.1,35.4,6.4,L,43.1,93.3,No
9,43,7,29,20,18.8,13,0.336,0.586,0.422,38,11.27,37,98,0,92.8,14.6,42.7,11.7,52.4,7.6,R,55.3,95.6,No
27,146,14,131,53,22.4,9,0.281,0.414,0.358,70,4.91,71,457,11,88.5,7,32.7,5.6,37.6,7.7,R,58,93.7,Yes
23,115,15,99,22,21.6,4.8,0.269,0.445,0.301,61,5.07,58,302,6,90.5,10.7,34.4,8.6,42.7,9.1,R,61.5,94.8,No
43,58,15,75,31,26.6,11,0.235,0.47,0.326,31,4.41,35,179,1,89.7,16.5,40.5,15.6,42.8,7.2,R,59.8,96.2,Yes
24,23,4,24,17,19.5,13.8,0.221,0.356,0.333,18,5.79,14,85,2,89.2,14,35.8,7.4,32.1,8.2,R,75,92.3,No
9,34,6,11,10,8.7,7.9,0.298,0.535,0.357,22,7.16,20,84,0,88.6,19,31.7,8.7,33.7,9.1,R,48.5,86.5,No
15,41,8,65,34,27.2,14.2,0.202,0.369,0.314,20,3.23,19,156,0,88.2,16.7,34.3,7.1,35,8.4,R,43.6,93.8,Yes
15,56,8,36,11,20.1,6.1,0.344,0.613,0.38,30,7.04,35,127,4,88.3,11.6,38.9,10.7,38.2,7.6,R,61,92,No
24,31,2,26,9,23.6,8.2,0.316,0.469,0.391,13,5.16,18,94,5,89.6,7.2,38.9,6.9,48.6,6.9,R,52.7,94.3,No
47,40,2,56,21,29.6,11.1,0.241,0.331,0.328,17,3.59,15,135,5,87.9,12.5,32.4,7.2,31.5,7.2,R,57.9,97.1,No
24,123,28,129,38,24,7.1,0.254,0.48,0.316,74,5.36,70,323,1,88.9,12.6,33.4,8.8,38.7,6.8,R,49.1,93.1,Yes
11,34,4,41,11,26.1,7,0.245,0.417,0.299,19,4.46,18,115,1,90.5,16.5,34.3,8.8,40.2,8.5,L,63.3,91,No
43,52,4,39,14,20.1,7.2,0.291,0.436,0.34,24,4.98,20,97,4,91.9,15.8,35.5,7.8,43.3,5.2,R,53.4,95.5,No
65,65,6,85,32,28.6,10.8,0.256,0.425,0.347,35,4.73,46,181,1,88,12.9,37.4,7.5,32.8,7.7,R,56.5,91.1,Yes
22,110,12,125,58,21.9,10.1,0.22,0.327,0.313,47,3.14,44,388,5,90.8,-5.5,21.4,5.8,44.4,6.7,L,57.1,92.4,No
36,67,16,130,53,30.7,12.5,0.186,0.355,0.3,40,3.55,41,261,1,90.6,22.5,36.8,9.8,43.2,6.5,R,59.4,93.5,Yes
20,87,17,90,19,21.3,4.5,0.218,0.406,0.255,43,3.62,42,270,0,88.6,20.6,35.6,9.3,35.9,9.6,R,54.9,92.5,Yes
30,16,3,44,19,35.2,15.2,0.158,0.267,0.312,9,2.7,8,108,0,86.9,12.3,27.6,6.9,41.4,7.1,R,37.5,95.5,Yes
51,40,4,47,27,22.8,13.1,0.227,0.341,0.325,24,4.56,19,120,0,90.9,12.5,32.6,8.3,43.2,8,R,55.8,97.4,Yes
32,30,9,36,22,23.2,14.2,0.234,0.5,0.368,24,6.48,25,105,3,90.2,23,33.7,14.1,35.9,7.3,R,55.7,94.5,No
66,61,7,53,15,22.5,6.4,0.28,0.431,0.326,28,4.61,25,127,2,90.7,13.1,29.9,7.8,44.9,8.5,L,68.7,91.6,No
13,63,17,47,25,19.2,10.2,0.292,0.588,0.363,45,7.55,38,152,1,93.1,21.2,39.5,14,45.3,8,R,76.7,91.1,No
7,24,6,28,19,23.3,15.8,0.247,0.505,0.392,17,5.81,17,69,3,90.3,8.5,42,11.6,47.8,6.4,R,38.6,96.7,No
22,33,4,31,26,21.1,17.7,0.282,0.47,0.415,29,8.8,27,96,3,89.4,10.5,37.5,9.1,42,5.9,R,50.5,94.3,No
24,105,16,124,53,23.2,9.9,0.221,0.371,0.297,51,3.58,47,332,0,88.3,6.4,29.4,9.5,38.7,7.6,R,47.4,94.6,Yes
8,42,3,32,20,20.1,12.6,0.318,0.447,0.403,19,5.03,15,106,1,89,12.3,39,6.7,39,7.1,L,49,89.9,No
18,96,10,57,33,14.8,8.6,0.279,0.445,0.343,55,5.8,52,247,4,91.4,11.8,32,7.9,42.3,9,R,60.8,93.6,No
31,32,4,23,15,19,12.4,0.311,0.476,0.397,11,4.01,15,69,4,86.6,9.1,25.6,6.1,42.7,9.9,R,85.1,96.2,No
25,106,20,98,48,22.4,11,0.28,0.524,0.362,70,6.61,60,245,3,89.5,14.3,35.9,10.1,39,6,L,51.1,95.5,No
20,77,12,127,40,27.7,8.7,0.192,0.314,0.29,40,3.22,41,287,4,86.8,16.3,32.6,5.8,31.2,7.3,R,62.9,93.3,Yes
9,26,2,37,20,23.9,12.9,0.202,0.295,0.31,17,4.17,13,107,0,91.1,16,38.5,7.3,42.7,7.7,L,42.4,93.4,No
29,19,4,37,9,33.9,8.3,0.192,0.333,0.266,9,3,10,89,1,87.5,9.6,32.3,8.1,33.9,8.8,R,41.6,98.6,Yes
27,25,5,30,13,23.6,10.2,0.227,0.418,0.323,23,7.22,22,100,0,88.1,1.9,29.6,7.4,42,8.1,R,62.1,95.3,No
28,27,4,23,14,19.2,11.7,0.267,0.446,0.358,12,4.15,14,47,2,89.6,11.3,40.7,8.6,38.3,6,R,37.9,94.2,Yes
27,41,3,40,12,20.7,6.2,0.233,0.33,0.295,18,3.52,18,114,6,88.5,-0.9,30.7,3.6,39.4,5.6,L,67.5,91.5,Yes
12,34,4,19,12,15.7,9.9,0.324,0.533,0.388,21,7.36,25,85,3,91.2,16.2,38.6,5.7,40.9,6.3,R,42.5,91.3,No
25,137,23,100,34,16.7,5.7,0.248,0.437,0.298,74,4.67,69,332,5,90.6,12.1,32.2,9.4,43.4,8.2,R,41.7,92.8,No
23,108,19,139,49,26.6,9.4,0.233,0.413,0.31,58,4.3,59,376,3,89.2,12.3,32.7,7.9,43,5.2,R,62.4,93,Yes
9,47,4,32,19,17.6,10.4,0.301,0.468,0.385,27,6.28,24,75,1,88.2,21.4,36.2,2.4,33.9,8.2,R,48.5,94.2,No
16,85,15,46,22,14.3,6.8,0.29,0.505,0.335,44,5.35,37,174,1,89.2,14.1,32.4,9.5,43.2,7.1,R,64.2,92.9,No
14,75,14,56,22,19.6,7.7,0.291,0.492,0.347,36,5.04,33,183,1,91,13.7,37.1,9.8,44.9,6.9,L,42.2,91.4,No
28,123,7,234,34,35.6,5.2,0.201,0.273,0.248,45,2.43,41,447,2,85.5,8.4,29.5,3.1,30.5,6.7,R,62.9,95.5,No
24,110,17,82,40,19.2,9.4,0.29,0.491,0.356,70,6.63,61,287,0,89.8,17.8,33.7,9.6,42.9,7.7,L,57.2,92,Yes
18,90,20,81,22,21.4,5.8,0.259,0.5,0.306,53,5.34,46,225,1,89.5,19.4,40.4,11.9,42.6,6.7,R,49.6,90.4,No
16,32,5,26,10,21,8.1,0.288,0.486,0.355,19,6.41,20,71,5,88.9,14.2,33.7,12.8,34.9,7.5,R,46.2,92.7,No
24,112,17,128,28,25.4,5.6,0.241,0.425,0.29,62,4.68,56,284,1,90.1,19.2,36.4,8.8,44.6,9.1,R,61.5,95.3,Yes
44,40,9,65,12,29,5.4,0.192,0.365,0.237,26,4.11,34,123,1,90,24.8,39,11,41.1,7.5,R,58.6,95.2,No
31,141,35,164,47,25.9,7.4,0.245,0.476,0.306,72,4.34,71,406,4,90.5,14.1,35.3,13.9,45.1,8.9,L,56,94.4,Yes
25,107,6,157,46,28.5,8.4,0.218,0.318,0.287,39,2.64,40,356,7,87.7,12.5,34.9,5,36.7,7.4,L,57.7,94.5,No
16,84,11,134,33,33.1,8.1,0.229,0.373,0.299,34,3.17,33,270,2,89.7,9.6,38,9,43.6,7.3,R,38.6,92.4,Yes
31,12,2,27,12,24.3,10.8,0.124,0.216,0.216,5,1.55,10,72,4,89.2,17.2,31.9,5.6,36.1,7.9,R,46.6,94.4,No
60,45,5,71,20,28.7,8.1,0.207,0.35,0.287,19,2.79,25,232,3,88.3,6.4,33.3,6,34,6.9,R,53,96.9,Yes
12,37,5,38,15,21.6,8.5,0.237,0.41,0.313,25,5.53,20,127,2,88.7,15.1,32.5,5.8,36.7,8.7,L,43.2,92.6,Yes
15,28,0,29,15,21.6,11.2,0.243,0.313,0.351,12,3.64,8,101,2,88.2,3.6,29.1,3.5,36,7.5,R,65.3,95.8,Yes
21,38,6,49,17,24.9,8.6,0.215,0.356,0.279,19,3.66,28,129,9,88.7,9.3,31.3,7.6,37.4,8.9,R,52.8,94.4,No
61,40,5,77,19,32.5,8,0.185,0.324,0.253,15,2.23,17,142,0,87.2,15,37.9,5.7,31.9,10.7,R,56,96.7,Yes
14,61,8,51,37,17.7,12.8,0.251,0.412,0.361,34,4.91,32,173,5,87.7,7.1,35.6,7.7,35.6,8.3,R,53.9,94.8,No
53,40,12,78,22,31.1,8.8,0.175,0.364,0.247,25,3.5,28,154,1,90.4,22,33.8,11.3,46.4,6.9,R,56.8,92.7,Yes
25,18,6,35,12,30.7,10.5,0.188,0.396,0.289,12,3.9,19,77,2,86.9,20.2,35.9,6.3,29.7,8.3,R,54.4,95.5,No
5,26,5,19,11,18.8,10.9,0.295,0.534,0.386,17,7.4,16,58,0,88.8,18.4,36.2,11.6,33.3,10,L,45.1,92.9,No
25,21,5,25,20,22.5,18,0.233,0.444,0.369,17,6.38,19,71,4,89.6,11.3,24.2,6.1,42.4,7.9,L,64.3,96,No
24,69,7,74,41,20.7,11.5,0.223,0.332,0.318,35,3.68,32,194,1,89.8,15.2,33.9,7.1,39.3,5.9,R,55.8,97.2,Yes
19,69,12,74,29,22.2,8.7,0.232,0.393,0.303,37,4.31,36,181,3,89.8,20.6,34.8,8.4,40.5,8.2,R,63.7,95.7,Yes
14,31,1,15,10,14.6,9.7,0.348,0.494,0.417,21,9.3,19,55,1,89.3,10.6,36.8,6.6,38.2,6.9,L,56.9,93,No
10,36,6,30,13,21.7,9.4,0.298,0.496,0.384,22,6.67,18,105,1,92.7,11.7,35.2,13.2,52.7,8.1,L,54.1,90.7,No
60,35,9,78,32,33.2,13.6,0.176,0.352,0.294,25,4.07,31,173,2,90.1,18.3,31.7,8.9,40.7,7.5,R,68.1,95.9,Yes
19,53,7,52,27,22.7,11.8,0.269,0.452,0.362,41,7.43,36,166,4,88.2,16.7,36.1,7.5,35.4,6.4,R,77.2,93.1,No
7,27,3,12,14,11.1,13,0.29,0.419,0.389,16,6.35,14,54,2,86.6,4.3,29.6,4.9,40.7,3.4,L,56.9,90.5,No
65,65,7,56,23,19.9,8.2,0.261,0.406,0.32,32,4.28,30,141,2,87.3,12.7,31,4.5,36.5,8.9,R,56.1,95.9,Yes
46,64,6,81,17,27.2,5.7,0.233,0.349,0.282,16,1.96,23,201,6,87.7,7.5,34.5,4.1,37.1,8.5,R,62.9,95.9,Yes
26,110,11,65,31,14.5,6.9,0.268,0.407,0.321,59,5.09,53,247,1,87.5,2.9,30.1,6.6,35,4.6,L,73.2,89.4,No
31,26,6,25,17,20.3,13.8,0.25,0.462,0.358,19,6.26,20,75,1,90.7,19.2,41.3,13.8,44.9,7.5,R,58.5,94.6,No
32,38,2,27,18,17.3,11.5,0.288,0.432,0.378,24,6.17,26,90,1,89.9,10,38,5.6,37,6.4,R,56.8,93.5,Yes
25,15,1,27,12,26.7,11.9,0.172,0.23,0.267,7,2.49,7,45,1,83.6,16.2,33.9,3.2,24.2,6.5,R,56.9,93.7,No
35,107,13,50,28,13,7.3,0.304,0.494,0.352,47,4.9,54,211,8,90.2,2.7,25.1,6.2,45.9,8.2,R,68.3,93.4,No
13,25,4,39,12,29.3,9,0.21,0.328,0.286,16,4.55,16,107,4,87.3,0,30.9,4.9,35.8,8.3,L,35.9,96.5,Yes
47,62,6,41,25,17.2,10.5,0.308,0.478,0.399,42,7.56,48,158,5,89.7,5,35.4,6.1,38.4,6.1,R,80.9,92.1,Yes
54,42,2,65,27,28.3,11.7,0.213,0.289,0.304,17,2.82,21,154,5,89.1,14.2,36,4.4,39.4,8.2,L,63.7,96.7,No
30,133,19,167,50,26.4,7.9,0.232,0.393,0.294,60,3.48,57,408,2,88.1,15.9,34.1,7.3,38.7,7,R,67.1,90.9,No
30,101,20,72,30,18,7.5,0.279,0.497,0.334,56,5.32,52,288,1,90.2,11.7,33.1,8.1,43.6,8.9,L,62.3,93.9,No
14,66,11,27,12,11.8,5.3,0.31,0.554,0.346,43,7.64,38,122,1,91.7,2.3,31,10.2,55.6,6.9,R,59.5,91.6,No
14,63,19,76,33,24.8,10.7,0.238,0.506,0.319,43,5.48,42,173,1,88.3,22.1,32.1,12.2,36.2,6.8,R,51.6,94.6,No
34,21,2,48,17,34,12.1,0.176,0.286,0.298,11,2.94,18,123,4,84,12.6,34.7,4.2,27.8,6.5,R,51.4,94.5,No
21,23,5,38,11,31.7,9.2,0.219,0.4,0.308,15,4.94,24,83,2,87.8,20.8,49.3,11.9,34.3,7,R,74.5,91.3,Yes
41,17,6,54,22,33.5,13.7,0.126,0.296,0.255,10,2.25,16,95,7,87.6,23.5,33.7,10.8,34.9,7.5,L,72,93.8,Yes
30,25,5,23,13,21.5,12.1,0.269,0.462,0.355,13,5.01,25,69,1,86.6,16.2,35.2,7,29.6,5.3,R,64.2,95.6,Yes
10,45,11,24,13,13.5,7.3,0.281,0.6,0.348,30,6.64,30,125,1,91.7,11.7,41.6,13.9,49.6,8.2,R,59.1,90,No
